source_en,target_zh,type,case_sensitive,confidence,notes
'The Sheaf',《禾捆》,报刊名,true,high,开放终审：定名《禾捆》，采用书报名号并保留农作物集束意象。
Abbey of St Brandan,圣布伦丹修道院,地点,true,high,终审：逐项终审保留“圣布伦丹修道院”。独立核对当前资产语境、同族层级和中文可用性；证据摘要：《司辰之书》中文 Wiki 的图书馆编年史使用“圣布伦丹修道院”。
Adept,修习者,人物,true,medium,终审：逐项终审保留“修习者”。独立核对当前资产语境、同族层级和中文可用性；证据摘要：本作以 adept 泛指秘术修行者，非 Know/Long/Name 等位阶词；语料内“修习者”22 处、“秘术家”仅 1 处（已统一）。
Adepts,修习者,人物,true,medium,终审：Adept 的词形变体
Advisor,顾问,设定存在称号,true,high,开放终审：译“顾问／顾问实体”，保留官僚宣传语气，并与 Steel“钢铁”本体称号分开。
Advisory Entity,顾问实体,设定存在称号,true,high,开放终审：译“顾问／顾问实体”，保留官僚宣传语气，并与 Steel“钢铁”本体称号分开。
Agonies,苦痛,状态,true,high,终审：逐项终审保留“苦痛”。独立核对当前资产语境、同族层级和中文可用性；证据摘要：试玩版专属说明把 Agonies 定在痛苦值 7—9：斯宾塞只能咬紧牙关勉强前行，达到 10 则可能死亡。
Alexandria,亚历山大港,地点,true,high,终审：逐项终审保留“亚历山大港”。独立核对当前资产语境、同族层级和中文可用性；证据摘要：系列中文资料以“亚历山大港”称呼 Alexandria；本作又明确说隐形的塞拉皮雍坐落于此。
Allies,盟军,势力,true,high,终审：逐项终审保留“盟军”。独立核对当前资产语境、同族层级和中文可用性；证据摘要：Demo 中大写 Allies 指二战盟军集团，普通 allies 仍需随句法处理。
Ambition,野心,心念,true,high,终审：逐项终审保留“野心”。独立核对当前资产语境、同族层级和中文可用性；证据摘要：试玩版专属说明把 Ambition 写成奋斗、成就与上升，并把进取、自信、骄傲乃至傲慢的选择归入其中。
Amiral,海军上将,职衔,true,high,开放终审：译“海军上将”，采用现代法语 amiral 的标准军衔义；在完整法语职衔中仍按句法组合。
Anger,愤怒,心念,true,high,终审：逐项终审保留“愤怒”。独立核对当前资产语境、同族层级和中文可用性；证据摘要：试玩版专属说明把 Anger 写成报复所受伤害、令人生畏，并涵盖强硬、进攻性或 spiteful 的选择。
Appetite,餍足,心念,true,high,终审：逐项终审保留“餍足”。独立核对当前资产语境、同族层级和中文可用性；证据摘要：Steam 英文把大写 Appetite 与 Sorrow、Curiosity 并列为心念；同一条官方简中逐项写成“哀伤／餍足／好奇心”。试玩版专属说明又以贪婪、欲望与饕餮解释它。
Aprowl,游猎,状态,true,high,开放终审：译“游猎”，兼具四处潜行与主动搜寻猎物的行动感。
Arlequin's Affliction,阿勒坎之患,征象,true,high,终审：逐项终审保留“阿勒坎之患”。独立核对当前资产语境、同族层级和中文可用性；证据摘要：试玩版专属说明称这是一种在雄鹿之门染上的心疾：心先往一边、再往另一边，完全不可靠。
Arts Unconsidered,未拾技艺,技艺,true,medium,终审：逐项终审保留“未拾技艺”。独立核对当前资产语境、同族层级和中文可用性；证据摘要：本作出现 Arts Unconsidered，而前作体系已有近义类别 Arts Unregarded“未拾技艺”；两者在同一分类位置发挥相同功能。
Arts Unregarded,未拾技艺,技艺,true,high,终审：逐项终审保留“未拾技艺”。独立核对当前资产语境、同族层级和中文可用性；证据摘要：《司辰之书》中文 Wiki 的伟大之术页明确列出光之技艺、夜之技艺与未拾技艺（Arts Unregarded）。
Arun Peel,阿伦·褪皮,人物,true,high,终审：逐项终审保留“阿伦·褪皮”。独立核对当前资产语境、同族层级和中文可用性；证据摘要：《司辰之书》中文 Wiki 使用“阿伦·褪皮博士”。
Aspect,性相,系统,true,high,终审：逐项终审保留“性相”。独立核对当前资产语境、同族层级和中文可用性；证据摘要：前作 Wiki 以“性相”整理卡牌与角色属性。
Aspect Pool,性相池,机制,true,high,开放终审：译“性相池”，严格沿用 Aspect“性相”，并用“池”表现可积累、消耗与恢复。
Aspects,性相,系统,true,high,开放终审：Aspect 的词形变体
Associates,关系人,机制,true,medium,终审：逐项终审保留“关系人”。独立核对当前资产语境、同族层级和中文可用性；证据摘要：试玩版以 Associates 作为人物关系页的类别标题，收纳主角结识并可继续互动的人。
Aubière,奥比耶,人物,true,high,终审：逐项终审保留“奥比耶”。独立核对当前资产语境、同族层级和中文可用性；证据摘要：官方人物介绍确认 Dr Aubière 是 Aujourd’hui 疗养院负责人；Aubière 是法语专名拼写，常规读音近 /o.bjɛʁ/。
Authority,权威,性相,true,high,终审：逐项终审保留“权威”。独立核对当前资产语境、同族层级和中文可用性；证据摘要：试玩版专属说明把 Authority 界定为旧天国、或自称其继承者的冕之权序的信物，并指明集团美元与“权威之眼”都可承载这一性相。
Aviform,鸟形,分类,true,high,终审：逐项终审保留“鸟形”。独立核对当前资产语境、同族层级和中文可用性；证据摘要：系列中文 Wiki 的司辰页使用“鸟形司辰”（Aviform Hours）。
Aviforms,鸟形司辰,分类,true,high,终审：Aviform 的词形变体
Beach-Crow,拾滩鸦,司辰,true,high,开放终审：Beachcrow 的链接/词形变体
Beachcrow,拾滩鸦,司辰,true,high,终审：逐项终审保留“拾滩鸦”。独立核对当前资产语境、同族层级和中文可用性；证据摘要：司辰词条定名 Beachcrow“拾滩鸦”。
Bewitch,惑心,性相,true,high,终审：逐项终审保留“惑心”。独立核对当前资产语境、同族层级和中文可用性；证据摘要：试玩版专属说明将 Bewitch 用于少量的转化、陶醉或颠覆之力，可施于礼物、食物和饮料。
Bewitching,惑心,性相,true,high,开放终审：Bewitch 的词形变体
bewitchment,惑心术,性相,true,high,开放终审：Bewitch 的词形变体
Birdsong,鸟鸣学,技艺,true,high,终审：逐项终审保留“鸟鸣学”。独立核对当前资产语境、同族层级和中文可用性；证据摘要：《司辰之书》技艺词条定名 Birdsong“鸟鸣学”。
Bischoff,比舒夫,人物姓氏,true,high,开放终审：本作省略名字时仍沿用姓氏“比舒夫”。
bisclavret,狼骑,异文称谓,true,high,终审：现行《司辰之书》官中同一物品为“狼骑结印”，说明中把 bisclavret 释作“狼骑”；撤销旧 Wiki 音译。
Bisclavret's Knot,狼骑结印,异文称谓,true,high,终审：bisclavret 的词形变体
Blackwood,布莱克伍德,专名,true,medium,终审：逐项终审保留“布莱克伍德”。独立核对当前资产语境、同族层级和中文可用性；证据摘要：试玩版脚注明说 Blackwood 同时让人想到鬼故事作家、苏格兰文学杂志、秘学化名和司书 Serena Blackwood 的姓。
Bonanza Cigarette,博南扎牌香烟,物品名,true,high,开放终审：品牌音译“博南扎”，补“牌香烟”说明物类；单数不另造名称。
Bonanza Cigarettes,博南扎牌香烟,物品名,true,high,开放终审：品牌音译“博南扎”，补“牌香烟”说明物类；单数不另造名称。
BOOK OF HOURS,《司辰之书》,作品名,true,high,终审：逐项终审保留“《司辰之书》”。独立核对当前资产语境、同族层级和中文可用性；证据摘要：中文 Wiki 首页以《司辰之书》为作品名。
Book of Suns,《骄阳之书》,作品名,true,high,终审：逐项终审保留“《骄阳之书》”。独立核对当前资产语境、同族层级和中文可用性；证据摘要：《司辰之书》中文 Wiki 以“骄阳之书”收录 Book of Suns。
Bosk,丛林学,技艺,true,high,终审：逐项终审保留“丛林学”。独立核对当前资产语境、同族层级和中文可用性；证据摘要：《司辰之书》技艺词条定名 Bosk“丛林学”。
Bounds,边境,地点,true,high,终审：逐项终审保留“边境”。独立核对当前资产语境、同族层级和中文可用性；证据摘要：秘史世界词条收录 Bounds“边境”。
Brancrug,布兰库格,地点,true,high,终审：逐项终审保留“布兰库格”。独立核对当前资产语境、同族层级和中文可用性；证据摘要：《司辰之书》中文 Wiki 的图书馆编年史以“布兰库格”记载 Brancrug。
Bright Art,光之技艺,技艺,true,high,终审：Bright Arts 的词形变体
Bright Arts,光之技艺,技艺,true,high,终审：逐项终审保留“光之技艺”。独立核对当前资产语境、同族层级和中文可用性；证据摘要：系列 Wiki 以“光之技艺”收录 Bright Arts。
Bureau,防剿局,机构,true,high,终审：逐项终审保留“防剿局”。独立核对当前资产语境、同族层级和中文可用性；证据摘要：前作 Suppression Bureau 已定名“防剿局”；本作脚注明说大写 Bureau 是该机构的简称。
Cambray,康布雷,地点,true,medium,终审：逐项终审保留“康布雷”。独立核对当前资产语境、同族层级和中文可用性；证据摘要：试玩版用旧式拼写 Cambray 指一战战场与同名城镇；cambric 细布的名称也由此城而来。
Canovaccio,幕表,性相,true,high,终审：逐项终审保留“幕表”。独立核对当前资产语境、同族层级和中文可用性；证据摘要：试玩版专属说明直称 Canovaccio 为意大利即兴喜剧场景的骨架，即演员据以即兴发挥的情节纲要。
capocomica,女班主,职衔,true,high,终审：逐项终审保留“女班主”。独立核对当前资产语境、同族层级和中文可用性；证据摘要：Treccani 将 capocomico 定义为过去组建并领导剧团的人；历史上还兼具演员、艺术指导与经营责任。capocomica 是其阴性形式。
Captain Torgue,图格上尉,人物,true,high,开放终审：沿用“图格”，军衔组合为“图格上尉”。
Carapace,介壳种,分类,true,high,终审：Carapace Cross 的词形变体
Carapace Cross,介壳种,分类,true,high,终审：逐项终审保留“介壳种”。独立核对当前资产语境、同族层级和中文可用性；证据摘要：系列中文 Wiki 的虫鸟解密页明确把 Carapace Cross 与“介壳种”对列；Cross/Carapace 是语境内简称。
Carcass Spark,尸骸火花,物品,true,high,终审：逐项终审保留“尸骸火花”。独立核对当前资产语境、同族层级和中文可用性；证据摘要：《密教模拟器》中文资料以“尸骸火花”收录 Carcass Spark，本作出现同名秘术物品。
Career,职涯,机制,true,high,终审：逐项终审保留“职涯”。独立核对当前资产语境、同族层级和中文可用性；证据摘要：同作官方简中把角色出身／职业路线 Career 定名为“职涯”；本作以它统摄过去经历和开局技艺。前作已有“职业”类别，但不是同一角色创建机制。
Cassandro's Woe,卡桑德罗之厄,征象,true,high,终审：逐项终审保留“卡桑德罗之厄”。独立核对当前资产语境、同族层级和中文可用性；证据摘要：试玩版专属说明称心因半猜半明的欲望而颤抖，却仍在夜里给主人温暖；Cassandro 也是太阳即兴喜剧角色。
Chaima,柴玛,人物,true,high,终审：逐项终审保留“柴玛”。独立核对当前资产语境、同族层级和中文可用性；证据摘要：《司辰之书》资料使用“拉拉·柴玛”，姓氏词根为“柴玛”。
Challenging,颇具挑战,检定难度,true,high,终审：逐项终审保留“颇具挑战”。独立核对当前资产语境、同族层级和中文可用性；证据摘要：试玩版专属说明称 Challenging 是需要投入的显著挑战，强于 Moderate 而尚未称为 Difficult。
Change,变易,机制阶段,true,high,开放终审：定名“变易”，比普通“变化”更像秘术阶段，也能承接形体与身份的根本改造。
Charm,魅力,技艺,true,high,终审：逐项终审保留“魅力”。独立核对当前资产语境、同族层级和中文可用性；证据摘要：官方开发日志与试玩版专属说明都写明 Charm 是讨人喜欢的本领，可令谎言更可信、请求更有效，但对敌视或尽责者作用较弱。
chef,头儿,人物称呼,false,high,终审：逐项终审保留“头儿”。独立核对当前资产语境、同族层级和中文可用性；证据摘要：文森特在军旅同伴语境以法语 chef 称呼主角，功能接近熟稔的“头儿”，不是餐厅厨师。
Chez Felix,菲利克斯之家,地点,true,high,终审：逐项终审保留“菲利克斯之家”。独立核对当前资产语境、同族层级和中文可用性；证据摘要：Chez Felix 是昂蒂布酒馆名；法语 chez X 字面为“在 X 家/店里”，文本又利用 house of tolerance 的双关。
Chilly,微寒,状态,true,high,终审：逐项终审保留“微寒”。独立核对当前资产语境、同族层级和中文可用性；证据摘要：试玩版专属说明反复强调这里只比当前衣着适温低“一点点”，换更暖装束仅提供小幅加成。
Chordate,脊索动物,生物,true,medium,终审：逐项终审保留“脊索动物”。独立核对当前资产语境、同族层级和中文可用性；证据摘要：Chordate 是具有脊索等共同特征的动物门类，游戏用它与鱼、鸟、狮和人并举。
Christopher Illopoly,克里斯托弗·伊利奥波里,人物,true,high,终审：逐项终审保留“克里斯托弗·伊利奥波里”。独立核对当前资产语境、同族层级和中文可用性；证据摘要：页面及相关文献使用“克里斯托弗·伊利奥波里”。
Chrysolagnia,嗜金症,状态,true,high,终审：逐项终审保留“嗜金症”。独立核对当前资产语境、同族层级和中文可用性；证据摘要：试玩版专属说明把 Chrysolagnia 定在入迷值 4—6，并以“戴冠的赠礼令我们欢悦”表现对金辉的迷恋。
Chrysolagnic,嗜金,状态,true,high,开放终审：Chrysolagnia 的词形变体
Chrysolepsis,金痫,状态,true,high,终审：逐项终审保留“金痫”。独立核对当前资产语境、同族层级和中文可用性；证据摘要：试玩版专属说明把 Chrysolepsis 定在入迷值 7—9，警句要求向上信任、听从光，并警告 10 级可能结束游戏。
Chrysoleptic,金痫,状态,true,high,开放终审：Chrysolepsis 的词形变体
Chrysophoria,金荷症,状态,true,high,终审：逐项终审保留“金荷症”。独立核对当前资产语境、同族层级和中文可用性；证据摘要：试玩版专属说明把 Chrysophoria 定在入迷值 1—3，写作“金从裂缝中溢出”，并明说这是某种谵妄的第一阶段。
Church,教会,机构,true,high,终审：Church of the Unconquered Sun 的词形变体
Church of the Unconquerable Sun,无敌太阳教会,机构,true,high,终审：Church of the Unconquered Sun 的词形变体
Church of the Unconquered Sun,无敌太阳教会,机构,true,high,终审：逐项终审保留“无敌太阳教会”。独立核对当前资产语境、同族层级和中文可用性；证据摘要：系列中文 Wiki 的骄阳页明确使用“无敌太阳教会”；Church Solar 与形容词异体在本作指同一体系。
Church Solar,无敌太阳教会,机构,true,high,终审：Church of the Unconquered Sun 的词形变体
Circumstances,境况,机制,true,medium,终审：逐项终审保留“境况”。独立核对当前资产语境、同族层级和中文可用性；证据摘要：试玩版专属说明称 Circumstances 不够重要，算不上计划；也不够危险，算不上威胁，只是值得知道的世界变化。
City Unbuilt,未建之城,地点,true,high,终审：逐项终审保留“未建之城”。独立核对当前资产语境、同族层级和中文可用性；证据摘要：《司辰之书》中文 Wiki 的结局页明确使用“未建之城”。
Clerical,神职,性相,true,high,终审：逐项终审保留“神职”。独立核对当前资产语境、同族层级和中文可用性；证据摘要：试玩版装束说明明确说这是只有神父才会、或才应当穿着的东西，信教人物还会据穿着资格作出反应。
Colonel,上校,司辰,true,high,终审：逐项终审保留“上校”。独立核对当前资产语境、同族层级和中文可用性；证据摘要：司辰词条定名 Colonel“上校”。
commedia della Sole,太阳喜剧,设定戏剧形式,true,high,开放终审：译“太阳喜剧”，让玩家读出太阳主题与喜剧形式；原文斜体仍保留异语感。
Compassion,同情,心念,true,high,终审：逐项终审保留“同情”。独立核对当前资产语境、同族层级和中文可用性；证据摘要：试玩版专属说明以“一人可以帮助一人”为核心，并把温和或富有同理心的对话选择归为 Compassionate。
Concede,认输,检定操作,true,high,开放终审：按钮译“认输”，短促且准确表达主动停止争取成功。
Corona,冕,准则,true,medium,终审：逐项终审保留“冕”。独立核对当前资产语境、同族层级和中文可用性；证据摘要：开发者文章以 Coronal power、Coronal influence 描写西方集团所承接的太阳权能；本作 Steam 简中将该准则定名为“冕”。
Coseley,科赛利,人物,true,high,终审：Julian Coseley 的词形变体
Crafting,制作,机制,true,high,开放终审：机制名译“制作”，适用于教程、按钮和过程说明；具体 craft 动词再按句法处理。
Cross,介壳种,分类,true,high,终审：Carapace Cross 的词形变体
Crucian,十字派,教派,true,medium,终审：逐项终审保留“十字派”。独立核对当前资产语境、同族层级和中文可用性；证据摘要：试玩版把 Crucian 写成新世界流行的太阳教会异端，以空十字圣形、鸽与羔羊为圣像。
Cultist Simulator,《密教模拟器》,作品名,true,high,终审：逐项终审保留“《密教模拟器》”。独立核对当前资产语境、同族层级和中文可用性；证据摘要：《密教模拟器》中文 Wiki 的游戏词条同时列出英文原名。
Curio,奇物,性相,true,high,终审：逐项终审保留“奇物”。独立核对当前资产语境、同族层级和中文可用性；证据摘要：试玩版专属说明把 Curio 概括为奇特、稀有或古老的物件，是物品类别而非人物性情。
Curiosity,好奇心,心念,true,high,终审：逐项终审保留“好奇心”。独立核对当前资产语境、同族层级和中文可用性；证据摘要：Steam 官方简中将并列心念 Curiosity 写作“好奇心”；试玩版专属说明强调永远还有更多东西可知。
Currency,货币,性相,true,high,终审：逐项终审保留“货币”。独立核对当前资产语境、同族层级和中文可用性；证据摘要：试玩版专属说明逐项列出东西方合法与黑市接受的集团美元、多利亚币、英镑、法郎和香烟等交换媒介。
Cynicism,犬儒,心念,true,high,终审：逐项终审保留“犬儒”。独立核对当前资产语境、同族层级和中文可用性；证据摘要：试玩版专属说明以“事情就是这样”定调，并把自利、欺骗或怀疑主义行为都归入 Cynical。
Daffer,达弗,结局专名,true,medium,开放终审：统一音译“达弗”，在设定未释义前不擅自意译身份或阵营。
Dappled Rose,斑驳玫瑰,结局专名,true,high,开放终审：沿用“斑驳玫瑰”，Rose 在此是专名意象而非准则“引”的普通替换。
Darlan,达尔朗,人物,true,medium,终审：逐项终审保留“达尔朗”。独立核对当前资产语境、同族层级和中文可用性；证据摘要：游戏借用法国海军上将 François Darlan 构造架空战后政局；中文史学通常称“达尔朗”。
Daymare,日魇,人物别号,true,high,开放终审：沿用“日魇”，用“日”与 nightmare 的“夜魇”构成反转双关。
Death From Dread,死于恐惧,状态,true,high,终审：逐项终审保留“死于恐惧”。独立核对当前资产语境、同族层级和中文可用性；证据摘要：试玩版专属说明在恐惧值达到终局阈值时只写“结局如此”，并显示当前 Dread 数值。
Death From Fascination,死于入迷,状态,true,high,终审：逐项终审保留“死于入迷”。独立核对当前资产语境、同族层级和中文可用性；证据摘要：试玩版专属说明将它设为入迷值达到终局阈值后的死亡状态，并继续显示 Fascination 数值。
Death From Pains,死于剧痛,状态,true,high,终审：逐项终审保留“死于剧痛”。独立核对当前资产语境、同族层级和中文可用性；证据摘要：试玩版专属说明把它置于痛苦值达到 10 后的死亡阶段；前三级依次是刺痛、伤势与苦痛。
Despair,绝望,状态,true,high,终审：逐项终审保留“绝望”。独立核对当前资产语境、同族层级和中文可用性；证据摘要：试玩版专属说明把 Despair 定在恐惧值 7—9，内心句只有“我做不到”，并警告下一阶段可能结束游戏。
Despairing,绝望,状态,true,high,开放终审：Despair 的词形变体
Despondency,消沉,状态,true,high,终审：逐项终审保留“消沉”。独立核对当前资产语境、同族层级和中文可用性；证据摘要：试玩版专属说明把 Despondency 定在恐惧值 4—6，内心句是“这似乎毫无意义”。
Despondent,消沉,状态,true,high,开放终审：Despondency 的词形变体
Devotion,虔敬,性相,true,high,终审：逐项终审保留“虔敬”。独立核对当前资产语境、同族层级和中文可用性；证据摘要：试玩版专属说明把 Devotion 归于光之技艺的作品与太阳的徽记，指向宗教性的献身与崇敬。
Diamantina's Dismay,迪亚曼蒂娜之惶,征象,true,high,终审：逐项终审保留“迪亚曼蒂娜之惶”。独立核对当前资产语境、同族层级和中文可用性；证据摘要：试玩版专属说明称这颗心沉重，却总能在夜里保暖；名称以 Diamantina 与 Dismay 构成头韵。
Difficult,困难,检定难度,true,high,终审：逐项终审保留“困难”。独立核对当前资产语境、同族层级和中文可用性；证据摘要：试玩版专属说明称 Difficult 是对技艺要求严苛的检定，正式进入以困难命名的高段。
Difficulty,难度,检定难度,true,high,终审：逐项终审保留“难度”。独立核对当前资产语境、同族层级和中文可用性；证据摘要：试玩版把 Difficulty 用作技艺检定界面的总标题，其下另列十一档实际难度，和技艺值、性相池挽救共同决定结果。
Dignity,尊严,技艺,true,high,终审：逐项终审保留“尊严”。独立核对当前资产语境、同族层级和中文可用性；证据摘要：Steam 官方简中直接列出技艺名“尊严”；试玩版说明把它定义为投射权威与体面的气度，源自主角的神父和医师经历。
diocese,教区,教会辖区,false,high,终审：逐项终审保留“教区”。独立核对当前资产语境、同族层级和中文可用性；证据摘要：天主教法把 diocese 作为主教治理的地方教会单位，并在其下设置 parishes。
doli,多利,货币,false,high,终审：dolya 的词形变体
dolya,多利亚币,货币,false,high,终审：逐项终审保留“多利亚币”。独立核对当前资产语境、同族层级和中文可用性；证据摘要：试玩版文字称 dolya 是以生产劳动计价、由群星担保的准奇迹汇票，复数写作 doli；实际物品图标则呈金属币形态。词形还呼应俄语 доля（份额）。
Door-in-the-Eye,瞳中之扉,司辰,true,high,终审：逐项终审保留“瞳中之扉”。独立核对当前资产语境、同族层级和中文可用性；证据摘要：Wiki 独立词条标题为“瞳中之扉”。
Dread,恐惧,麻烦,true,high,终审：逐项终审保留“恐惧”。独立核对当前资产语境、同族层级和中文可用性；证据摘要：Wiki 词条以卡牌 id dread 对列“恐惧”。
Dripping,汗流浃背,状态,true,high,终审：逐项终审保留“汗流浃背”。独立核对当前资产语境、同族层级和中文可用性；证据摘要：试玩版专属说明称当前装束在炎热中极不合适，既难受又难堪，并要求换轻装或留在室内。
Drowsiness,困倦,状态,true,high,终审：逐项终审保留“困倦”。独立核对当前资产语境、同族层级和中文可用性；证据摘要：试玩版专属说明把 Drowsiness 定在疲惫值 4—6，斯宾塞已明确想小睡一会儿。
Duties,职司,设定称谓,true,high,终审：逐项终审保留“职司”。独立核对当前资产语境、同族层级和中文可用性；证据摘要：试玩版把 Duties 定义为自古阻止隐秘世界侵入日常的凡俗与不朽机构总称，防剿局和门槛军团都为其服务。
Easy,简单,检定难度,true,high,终审：逐项终审保留“简单”。独立核对当前资产语境、同族层级和中文可用性；证据摘要：试玩版专属说明称 Easy 是只需最低限度能力的基础挑战，仍比 Very Easy 多一层要求。
Eccentric,古怪,性相,true,high,终审：逐项终审保留“古怪”。独立核对当前资产语境、同族层级和中文可用性；证据摘要：试玩版装束说明称这种衣着不是多数人会公开穿的，常使人困惑，却会讨少数怪人的喜欢。
Ecdysis Club,蜕衣俱乐部,地点,true,high,终审：逐项终审保留“蜕衣俱乐部”。独立核对当前资产语境、同族层级和中文可用性；证据摘要：《密教模拟器》舞者内容以“蜕衣俱乐部”收录 Ecdysis Club。
Edge,刃,准则,true,high,终审：逐项终审保留“刃”。独立核对当前资产语境、同族层级和中文可用性；证据摘要：准则词条列出 Edge“刃”。
Edge Experiences,刃之经历,经历,true,high,终审：逐项终审保留“刃之经历”。独立核对当前资产语境、同族层级和中文可用性；证据摘要：试玩版以独立 ExperienceQuality 登记 Edge Experiences，并在餍足等心念演化费用中按份消耗。
Egg Unhatching,逆孵之卵,司辰,true,high,终审：逐项终审保留“逆孵之卵”。独立核对当前资产语境、同族层级和中文可用性；证据摘要：司辰词条定名 Egg Unhatching“逆孵之卵”。
Elegiast,悼歌诗人,司辰,true,high,终审：逐项终审保留“悼歌诗人”。独立核对当前资产语境、同族层级和中文可用性；证据摘要：司辰词条定名 Elegiast“悼歌诗人”。
Eloquence,口才,技艺,true,high,终审：逐项终审保留“口才”。独立核对当前资产语境、同族层级和中文可用性；证据摘要：试玩版专属说明称 Eloquence 是善用言辞，可说清别人为何应当帮助，也可用于速读、辨认措辞和潜台词。
encausta terminalia,终刻墨,物品类别,true,high,终审：逐项终审保留“终刻墨”。独立核对当前资产语境、同族层级和中文可用性；证据摘要：《司辰之书》中文 Wiki 的终刻墨页以“终刻墨”说明 encausta terminalia 类别。
Enemy,敌人,势力,true,high,终审：逐项终审保留“敌人”。独立核对当前资产语境、同族层级和中文可用性；证据摘要：大写 Enemy 在特定叙述中被专名化，但中文没有稳定且必要的另造称号；普通 enemy 也广泛存在。
Entwine,缠结,性相,true,high,终审：逐项终审保留“缠结”。独立核对当前资产语境、同族层级和中文可用性；证据摘要：试玩版专属说明以“结合、带到一起、成婚”解释 Entwine，并直接联到姊与巫、巫与姊的二重关系。
Ephemeral,易逝,性相,true,high,终审：逐项终审保留“易逝”。独立核对当前资产语境、同族层级和中文可用性；证据摘要：试玩版规则说明明确规定：旅行时，每一叠 Ephemeral 物品都会失去一件，并以歌德的“短暂者皆为譬喻”作题辞。
Eternity,永恒,设定,true,medium,终审：逐项终审保留“永恒”。独立核对当前资产语境、同族层级和中文可用性；证据摘要：试玩版把 Eternity 写成压平所有秘史、归并为唯一永恒真理的宇宙论状态，与 History 构成张力。
Exhausted,精疲力竭,状态,true,high,开放终审：Exhaustion 的词形变体
Exhaustion,精疲力竭,状态,true,high,终审：逐项终审保留“精疲力竭”。独立核对当前资产语境、同族层级和中文可用性；证据摘要：试玩版专属说明把 Exhaustion 定在疲惫值 7—9，斯宾塞几乎睁不开眼，并预告达到 10 会倒下且获得痛苦。
Exhibits,展品,对话机制,true,high,开放终审：译“展品”，保持可摆放对象的名词身份，并与 Dialogue Exhibit 一致。
Exorcist,驱灵师,职业,true,high,终审：逐项终审保留“驱灵师”。独立核对当前资产语境、同族层级和中文可用性；证据摘要：Steam 官方简中在职业选择文案中直接使用“驱灵师”；试玩版把它列为可玩职涯之一。
Expel,驱逐,性相,true,high,终审：逐项终审保留“驱逐”。独立核对当前资产语境、同族层级和中文可用性；证据摘要：试玩版专属说明用“分开、切除、放逐”解释 Expel，并称这是双角斧的职分。
Experience,经历,经历,true,high,终审：逐项终审保留“经历”。独立核对当前资产语境、同族层级和中文可用性；证据摘要：试玩版把 Experience 设为可计数、可花费的成长资源，用来提升技艺或演化心念；中文句中以“份”计数。
Experiences,经历,经历,true,high,终审：Experience 的词形变体
Failure,失败,检定结果,true,high,终审：逐项终审保留“失败”。独立核对当前资产语境、同族层级和中文可用性；证据摘要：试玩版把 Failure 与 Success 并列为技艺检定结果；失败后仍可能动用性相池挽救，因此不是战斗败北。
Fascination,入迷,麻烦,true,high,终审：逐项终审保留“入迷”。独立核对当前资产语境、同族层级和中文可用性；证据摘要：Wiki 的恐惧、事件等页面把 fascination 机制稳定译为“入迷”。
Favour,人情,任务资源,true,high,开放终审：译“人情”，兼顾互惠债务与关系纽带；复数中文不变。
Favours,人情,任务资源,true,high,开放终审：译“人情”，兼顾互惠债务与关系纽带；复数中文不变。
Fleck,斑币,架空货币,true,high,开放终审：定名“卡尔斯霍斯特斑币”，Fleck 译“斑币”，保留薄片、斑点和币状信物的复合观感。
Flight,逃亡,状态,true,high,终审：逐项终审保留“逃亡”。独立核对当前资产语境、同族层级和中文可用性；证据摘要：试玩版专属说明把 Flight 定在痕迹 10 以上：追捕者已紧随其后，前往车站或政府建筑必被捕。
Flint,燧石,司辰,true,high,终审：逐项终审保留“燧石”。独立核对当前资产语境、同族层级和中文可用性；证据摘要：司辰词条定名 Flint“燧石”。
Flowermaker,制花人,司辰,true,high,终审：逐项终审保留“制花人”。独立核对当前资产语境、同族层级和中文可用性；证据摘要：司辰词条定名 Flowermaker“制花人”。
Footnote,脚注,机制,true,medium,终审：逐项终审保留“脚注”。独立核对当前资产语境、同族层级和中文可用性；证据摘要：官方设计文章与试玩版都称可展开、收藏、搜索并作选择的知识条目为 Footnotes。
Footnotes,脚注,机制,true,high,开放终审：Footnote 的链接/词形变体
Forge,铸,准则,true,high,终审：逐项终审保留“铸”。独立核对当前资产语境、同族层级和中文可用性；证据摘要：准则词条列出 Forge“铸”。
Forge Experiences,铸之经历,经历,true,high,终审：逐项终审保留“铸之经历”。独立核对当前资产语境、同族层级和中文可用性；证据摘要：试玩版以独立 ExperienceQuality 登记 Forge Experiences，作为与铸准则相关的可花费成长资源。
Forge of Days,白日铸炉,司辰,true,high,终审：逐项终审保留“白日铸炉”。独立核对当前资产语境、同族层级和中文可用性；证据摘要：司辰词条定名 Forge of Days“白日铸炉”。
Formal,正式,性相,true,high,终审：逐项终审保留“正式”。独立核对当前资产语境、同族层级和中文可用性；证据摘要：试玩版装束说明说 Formal 只适合真正需要盛装的场合，穿错场合仅少数守旧人物会赞许。
Fracasse's Frailty,弗拉卡斯之弱,征象,true,high,终审：逐项终审保留“弗拉卡斯之弱”。独立核对当前资产语境、同族层级和中文可用性；证据摘要：试玩版专属说明称心因鲁莽的勇气而轰鸣；官方开发日志又确认 Fracasse 是骄傲而滑稽的士兵原型。
francisque,弗朗西斯克,货币,false,high,终审：逐项终审保留“弗朗西斯克”。独立核对当前资产语境、同族层级和中文可用性；证据摘要：法兰西学院词典说明 francisque 原指法兰克战斧，延伸指维希政权的双刃斧徽章；Demo 又把该历史意象改写为法兰西邦国货币。
Fraser Strathcoyne,弗雷泽·斯特拉思科因,人物,true,high,终审：逐项终审保留“弗雷泽·斯特拉思科因”。独立核对当前资产语境、同族层级和中文可用性；证据摘要：《司辰之书》中文 Wiki 的人物词条定名“弗雷泽·斯特拉思科因”。
Fresh,清爽,状态,true,high,终审：逐项终审保留“清爽”。独立核对当前资产语境、同族层级和中文可用性；证据摘要：试玩版专属说明称合宜的裁剪让斯宾塞能享受暑热，进入阳光时会感觉 Fresh。
Fucine,富奇诺语,语言,true,high,终审：逐项终审保留“富奇诺语”。独立核对当前资产语境、同族层级和中文可用性；证据摘要：《司辰之书》技艺列表以“富奇诺语”收录 Fucine。
fulgent,辉耀者,位阶,false,medium,终审：逐项终审保留“辉耀者”。独立核对当前资产语境、同族层级和中文可用性；证据摘要：fulgent 为英语“光辉的”；本作用来称呼西农布尔这类灯之长生者层次的存在。
Gladwyn Lake,格拉德温湖,地点,true,high,开放终审：沿用前作地点名“格拉德温湖”，不重新按现代人名习惯转写 Gladwyn。
Gleam,烁,准则,true,medium,终审：逐项终审保留“烁”。独立核对当前资产语境、同族层级和中文可用性；证据摘要：官方介绍把 Gleam 与东部 Ministries、星辰触碰并置；Steam 简中定名为“烁”。
Glory,辉光,地点,true,high,终审：逐项终审保留“辉光”。独立核对当前资产语境、同族层级和中文可用性；证据摘要：Wiki 以“辉光”收录 Glory。
Gods-from-Blood,血源诸神,分类,true,high,终审：逐项终审保留“血源诸神”。独立核对当前资产语境、同族层级和中文可用性；证据摘要：司辰专题按来源列出 Gods-from-Blood“血源诸神”。
Gods-from-Flesh,肉源诸神,分类,true,high,终审：逐项终审保留“肉源诸神”。独立核对当前资产语境、同族层级和中文可用性；证据摘要：司辰专题按来源列出 Gods-from-Flesh“肉源诸神”。
Gods-from-Light,光源诸神,分类,true,high,终审：逐项终审保留“光源诸神”。独立核对当前资产语境、同族层级和中文可用性；证据摘要：司辰专题按来源列出 Gods-from-Light“光源诸神”。
Gods-from-Nowhere,虚源诸神,分类,true,high,终审：逐项终审保留“虚源诸神”。独立核对当前资产语境、同族层级和中文可用性；证据摘要：司辰专题按来源列出 Gods-from-Nowhere“虚源诸神”。
Gods-from-Stone,石源诸神,分类,true,high,终审：逐项终审保留“石源诸神”。独立核对当前资产语境、同族层级和中文可用性；证据摘要：司辰专题按来源列出 Gods-from-Stone“石源诸神”。
Gods-who-were-flesh,肉源神,位阶,true,high,终审：逐项终审保留“肉源神”。独立核对当前资产语境、同族层级和中文可用性；证据摘要：《密教模拟器》官中语料以“肉源神”解释原为凡人的司辰，本作同样用该位阶指肉身升格者。
Grail,杯,准则,true,high,终审：逐项终审保留“杯”。独立核对当前资产语境、同族层级和中文可用性；证据摘要：准则词条列出 Grail“杯”。
Grail Experiences,杯之经历,经历,true,high,终审：逐项终审保留“杯之经历”。独立核对当前资产语境、同族层级和中文可用性；证据摘要：试玩版以独立 ExperienceQuality 登记 Grail Experiences，并用于演化贡献杯性相的心念。
Graustark,格劳斯塔克,地点,true,medium,终审：逐项终审保留“格劳斯塔克”。独立核对当前资产语境、同族层级和中文可用性；证据摘要：Graustark 原是 George Barr McCutcheon 小说中的虚构欧洲小国名；本作把它化用为奥地利境内停留在旧时代的伯国。
Great Arts,伟大之术,系统,true,medium,终审：逐项终审保留“伟大之术”。独立核对当前资产语境、同族层级和中文可用性；证据摘要：《司辰之书》中文 Wiki 以“伟大之术”收录九类 Great Arts。
Great Inks,伟大墨水,物品类别,true,high,终审：逐项终审保留“伟大墨水”。独立核对当前资产语境、同族层级和中文可用性；证据摘要：《司辰之书》中文 Wiki 的沙龙谈话记录明确使用“伟大墨水”。
Great War,大战,事件,true,high,终审：逐项终审保留“大战”。独立核对当前资产语境、同族层级和中文可用性；证据摘要：Great War 是第一次世界大战在第二次世界大战前后的常见称呼；本作架空时间线把终战年份延至 1920 前后。
Guinefort,吉内福尔,圣人,true,high,终审：St Guinefort 的词形变体
Gwendolen,格温德琳,人物,true,medium,终审：逐项终审保留“格温德琳”。独立核对当前资产语境、同族层级和中文可用性；证据摘要：试玩版给出全名 Gwendolen Farouk，称她为出身特殊的亚历山大学者与工程师。
Hallow,圣化,性相,true,high,终审：逐项终审保留“圣化”。独立核对当前资产语境、同族层级和中文可用性；证据摘要：试玩版专属说明以“净化、擢升、尊崇”三项动作界定 Hallow，属于秘术制作功用。
Heart,心,准则,true,high,终审：逐项终审保留“心”。独立核对当前资产语境、同族层级和中文可用性；证据摘要：准则词条列出 Heart“心”。
Heart Experiences,心之经历,经历,true,high,终审：逐项终审保留“心之经历”。独立核对当前资产语境、同族层级和中文可用性；证据摘要：试玩版以独立 ExperienceQuality 登记 Heart Experiences，并在操守等心念的成长路径中按份使用。
Heart Relentless,不息之心,司辰称号,true,high,终审：逐项终审保留“不息之心”。独立核对当前资产语境、同族层级和中文可用性；证据摘要：《司辰之书》中文 Wiki 的心准则页明确使用“不息之心”。
Hearth,炉边,场所,true,high,终审：逐项终审保留“炉边”。独立核对当前资产语境、同族层级和中文可用性；证据摘要：试玩版专属说明把 Hearth 定义为进行实际工作的地方；制作体系还将盗火术和保存术等配方置于此类地点。
Henad,一者,神学,true,high,终审：逐项终审保留“一者”。独立核对当前资产语境、同族层级和中文可用性；证据摘要：斯坦福哲学百科将 divine henads 解释为 participated unities/gods，连接超越的 The One 与其后万有；哈佛资料又概括为 ones/one-gods。
Henades,诸一者,神学,true,medium,终审：Henad 的词形变体
Herpetic Implex,蛇行缠结,秘术物品,true,high,开放终审：译“蛇行缠结”：蛇行承接 herpetic 的爬行词根与蠕虫形态，缠结对应 implex 和 tangle。
Histories,诸史,设定概念,true,high,开放终审：单数译“历史”，复数专名译“诸史”，既保留数的差异，也不与固定合称 Secret Histories“秘史”混为一词。
History,历史,设定概念,true,high,开放终审：单数译“历史”，复数专名译“诸史”，既保留数的差异，也不与固定合称 Secret Histories“秘史”混为一词。
Hives,蜂巢,设定实体,true,high,开放终审：译“蜂巢”，保留群体结构和正在拔地而起的建筑/生物双重不安。
Hokobald,霍科博尔德,人物,true,high,终审：逐项终审保留“霍科博尔德”。独立核对当前资产语境、同族层级和中文可用性；证据摘要：该中文 Wiki 书页明确使用人物名“霍科博尔德”。
Hollow,空心,心念,true,high,终审：逐项终审保留“空心”。独立核对当前资产语境、同族层级和中文可用性；证据摘要：试玩版专属说明写“我体内曾经有更多东西”，并明确这是可由任何心念填补的一处缺失。
Holy Place,圣地,场所,true,high,终审：逐项终审保留“圣地”。独立核对当前资产语境、同族层级和中文可用性；证据摘要：试玩版专属说明以无敌太阳教会对永恒之光的阐释为背景，说明此地适合调用神圣与光明的力量。
Honneur et Humanité,荣誉与人道,格言与服装名,true,high,终审：逐项终审保留“荣誉与人道”。独立核对当前资产语境、同族层级和中文可用性；证据摘要：法语短语直义为 Honour and Humanity，同时在 Demo 中既是门槛军团格言，也是服装/纪念物名称。
Honour,操守,心念,true,high,终审：专属说明强调无人注视时仍做正确之事，核心是内在伦理操守；“荣誉”偏外在名誉，并与格言 Honneur 重叠。
Horae,司辰,位阶,true,high,开放终审：Hour 的词形变体
Horned Axe,双角斧,司辰,true,medium,终审：逐项终审保留“双角斧”。独立核对当前资产语境、同族层级和中文可用性；证据摘要：Wiki 独立词条标题为“双角斧”。
Horned-Axe,双角斧,司辰,true,high,开放终审：Horned Axe 的链接/词形变体
Horomachistry,司辰学,技艺,true,high,终审：逐项终审保留“司辰学”。独立核对当前资产语境、同族层级和中文可用性；证据摘要：《司辰之书》技艺词条定名 Horomachistry“司辰学”。
Hour,司辰,位阶,true,high,终审：逐项终审保留“司辰”。独立核对当前资产语境、同族层级和中文可用性；证据摘要：司辰专题以 Hour“司辰”为核心位阶。
Hours,司辰,位阶,true,high,开放终审：Hour 的词形变体
House of the Sun,太阳的居屋,地点,true,high,终审：逐项终审保留“太阳的居屋”。独立核对当前资产语境、同族层级和中文可用性；证据摘要：专题词条以“太阳的居屋”收录该地点。
Huissier,于西耶,人物,true,medium,终审：逐项终审保留“于西耶”。独立核对当前资产语境、同族层级和中文可用性；证据摘要：试玩版多处写 Sylvain Huissier，并明确这是主角诸战前法国护照所载姓名及文森特认识他的旧身份。
Hush House,噤声居屋,地点,true,high,终审：逐项终审保留“噤声居屋”。独立核对当前资产语境、同族层级和中文可用性；证据摘要：《司辰之书》中文 Wiki 以“噤声居屋”收录 Hush House。
Hushery,静默术,技艺,true,high,终审：逐项终审保留“静默术”。独立核对当前资产语境、同族层级和中文可用性；证据摘要：《司辰之书》技艺词条定名 Hushery“静默术”。
Icarian,伊加利亚派,思想,true,medium,终审：Icarianism 的词形变体
Icarianism,伊加利亚主义,思想,true,high,终审：逐项终审保留“伊加利亚主义”。独立核对当前资产语境、同族层级和中文可用性；证据摘要：脚注以“伊加利亚主义”为标题说明这一十九世纪社会主义传统，并在本作背景中提到伊加利亚革命工人委员会；Icarian/Icarians 依句法是其形容词或信奉者。
Icarians,伊加利亚派,思想,true,medium,终审：Icarianism 的词形变体
Ichor Auroral,曙光灵液,秘术物品,true,high,开放终审：沿用官中“曙光灵液”；ichor 取神性液体而非普通血液。
Illopoly,伊利奥波里,人物,true,high,终审：Christopher Illopoly 的词形变体
Illumination,照明术,技艺,true,high,终审：逐项终审保留“照明术”。独立核对当前资产语境、同族层级和中文可用性；证据摘要：《司辰之书》技艺词条定名 Illumination“照明术”。
Implausible,难以置信,检定难度,true,high,终审：逐项终审保留“难以置信”。独立核对当前资产语境、同族层级和中文可用性；证据摘要：试玩版专属说明称 Implausible 只保留给高潮时刻或特殊情境，已不是常规检定。
Incorporate,集团,势力,true,high,终审：逐项终审保留“集团”。独立核对当前资产语境、同族层级和中文可用性；证据摘要：开发者明确写到西方 Incorporates、获准的 Incorporate officers 以及他们作为 Coronal power 导管的法律人格；Steam 简中阵营名为“集团”。
Incorporates,集团,势力,true,high,终审：Incorporate 的词形变体
Influence,影响,性相,true,high,终审：逐项终审保留“影响”。独立核对当前资产语境、同族层级和中文可用性；证据摘要：Wiki 以性相 id influence 对列“影响”，描述亦与本作的反响、共鸣、调和相承。
Influences,影响,性相,true,high,开放终审：Influence 的词形变体
Injuries,伤势,状态,true,high,终审：逐项终审保留“伤势”。独立核对当前资产语境、同族层级和中文可用性；证据摘要：试玩版专属说明把 Injuries 定在痛苦值 4—6，内心反应已从分神不适升级为连续喊痛。
Intercalate,置闰,事件,true,high,终审：逐项终审保留“置闰”。独立核对当前资产语境、同族层级和中文可用性；证据摘要：前作 Wiki 以“置闰”收录 Intercalate。
Invisible Arts,无形之术,系统,true,high,终审：逐项终审保留“无形之术”。独立核对当前资产语境、同族层级和中文可用性；证据摘要：前作专题以“无形之术”统称 Invisible Arts。
Invisible Bag,隐形袋,UI机制,true,high,开放终审：译“隐形袋”，直观说明不可见但实际承载物品的界面容器。
Invisible Serapeum,隐形的塞拉皮雍,地点,true,high,终审：逐项终审保留“隐形的塞拉皮雍”。独立核对当前资产语境、同族层级和中文可用性；证据摘要：《司辰之书》中文 Wiki 的第二次虫鸟解密页明确使用“隐形的塞拉皮雍”。 本作单用 Serapeum 时是同一地点的简称。
Ithastry,盗火术,技艺,true,high,终审：逐项终审保留“盗火术”。独立核对当前资产语境、同族层级和中文可用性；证据摘要：《司辰之书》技艺词条定名 Ithastry“盗火术”。
Ivory Dove,骨白鸽,设定存在,true,high,开放终审：沿用官中“骨白鸽”，保留死亡、遗骸与冬准则的意象。
Janvier,让维耶,人物,true,high,终审：逐项终审保留“让维耶”。独立核对当前资产语境、同族层级和中文可用性；证据摘要：Janvier 是法国老裁缝及其家族姓氏；法语 janvier 的标准读音对应 /ʒɑ̃.vje/。
Jaume,豪梅,人物,true,high,终审：逐项终审保留“豪梅”。独立核对当前资产语境、同族层级和中文可用性；证据摘要：官方公告以 Father Jaume 介绍人物；Jaume 是加泰罗尼亚语名字，词典发音约为 [ˈd͡ʒaw.mə]/[ˈd͡ʒaw.me]，中文现有媒体常译“豪梅”。
Julian Coseley,朱利安·科赛利,人物,true,high,终审：逐项终审保留“朱利安·科赛利”。独立核对当前资产语境、同族层级和中文可用性；证据摘要：前作人物词条定名“朱利安·科赛利”。
Karlshorst Fleck,卡尔斯霍斯特斑币,架空货币,true,high,开放终审：定名“卡尔斯霍斯特斑币”，Fleck 译“斑币”，保留薄片、斑点和币状信物的复合观感。
Kerisham,凯尔伊苏姆,地点,true,high,终审：逐项终审保留“凯尔伊苏姆”。独立核对当前资产语境、同族层级和中文可用性；证据摘要：《司辰之书》书名与相关资料稳定使用“凯尔伊苏姆”转写 Kerisham。
Knock,启,准则,true,high,终审：逐项终审保留“启”。独立核对当前资产语境、同族层级和中文可用性；证据摘要：准则词条列出 Knock“启”。
Knock Experiences,启之经历,经历,true,high,终审：逐项终审保留“启之经历”。独立核对当前资产语境、同族层级和中文可用性；证据摘要：试玩版以独立 ExperienceQuality 登记 Knock Experiences，并用于好奇心、犬儒等关联启性相的成长。
Knotwingknot,异结翼,设定存在,true,high,开放终审：沿用“异结翼”，视 knot-wing-knot 为设定生物名，不机械复刻两个 knot。
Know,通晓者,位阶,true,high,终审：逐项终审保留“通晓者”。独立核对当前资产语境、同族层级和中文可用性；证据摘要：前作 Wiki 以“通晓者”收录 Know。
Labrikon,拉布里孔,物品,false,high,终审：逐项终审保留“拉布里孔”。独立核对当前资产语境、同族层级和中文可用性；证据摘要：本作虚构的入梦制剂，可在伤口/门槛等场所制作，用以行走他人之梦；无官方词源说明。
Lammastide,收获节,节期,true,high,开放终审：译“收获节”，在标题中自然可读，并由仪式细节明确其节期功能。
Languor,倦怠,状态,true,high,终审：逐项终审保留“倦怠”。独立核对当前资产语境、同族层级和中文可用性；证据摘要：试玩版专属说明把 Languor 定在疲惫值 1—3，只表示状态不在最佳，尚未触发惩罚。
Languorous,倦怠,状态,true,high,开放终审：Languor 的词形变体
Lantern,灯,准则,true,high,终审：逐项终审保留“灯”。独立核对当前资产语境、同族层级和中文可用性；证据摘要：准则词条列出 Lantern“灯”。
Lantern Experiences,灯之经历,经历,true,high,终审：逐项终审保留“灯之经历”。独立核对当前资产语境、同族层级和中文可用性；证据摘要：试玩版以独立 ExperienceQuality 登记 Lantern Experiences，并用于好奇心、操守等关联灯性相的成长。
Lantern-long,灯之长生者,设定位阶,true,high,开放终审：沿用“灯之长生者”，用准则“灯”限定 Long 位阶。
Lark,百灵鸟,设定造物,true,high,开放终审：专名 Lark 译“百灵鸟”，沿用前作造物名；普通小写 lark 作鸟类时仍可随句法处理。
Leathy,遗忘之水,物品,true,high,终审：逐项终审保留“遗忘之水”。独立核对当前资产语境、同族层级和中文可用性；证据摘要：《司辰之书》中文资料在高级制墨配方中明确列出 Leathy“遗忘之水”，本作同名物品属于同一设定。
Librairie des Heures,司辰书店,地点,true,high,开放终审：译“司辰书店”，让玩家识别系列双关，同时保留它确为书店的功能。
Librarian,司书,职衔,true,high,开放终审：职衔统一为“司书”，区别于普通公共图书馆工作人员的描述性“图书管理员”。
Librarians,司书,职衔,true,high,开放终审：职衔统一为“司书”，区别于普通公共图书馆工作人员的描述性“图书管理员”。
Light,轻便,性相,true,high,终审：逐项终审保留“轻便”。独立核对当前资产语境、同族层级和中文可用性；证据摘要：试玩版装束说明称 Light 适合夏季、不适合冬季、不会拖慢行动，且在社交上中性；这里说的是轻便程度，不是光亮。
Limian,利米亚,设定形容词,true,high,开放终审：译“利米亚”，与既定“利米亚教团”共享词根，具体名词由后接 tradition/Discipline 表达。
Linou,莉努,人物,true,high,终审：逐项终审保留“莉努”。独立核对当前资产语境、同族层级和中文可用性；证据摘要：Linou 是 Demo 昂蒂布章节的人物专名；法国场景与拼写支持两音节 /li.nu/，官方尚无中文定名。
Lion-Throned One,以狮背为王座者,设定称谓,true,high,开放终审：逐字沿用官中，保留‘以狮背作王座’的异常具体意象，不压缩为信息不足的称号。
Lionsmith,狮子匠,司辰,true,high,终审：逐项终审保留“狮子匠”。独立核对当前资产语境、同族层级和中文可用性；证据摘要：司辰词条定名 Lionsmith“狮子匠”。
List of Repurposed Names,转作他用的具名者清单,设定分类,true,high,开放终审：译“转作他用的具名者”，恢复 Names 的位阶义；完整标签补“清单”。
little joys of night,夜中微小的欢愉,脚注短语,true,high,开放终审：译“夜中微小的欢愉”，保留 joys 的复数积累感与 night 的时间、秘术双关。
Long,长生者,位阶,true,high,终审：逐项终审保留“长生者”。独立核对当前资产语境、同族层级和中文可用性；证据摘要：前作 Wiki 以“长生者”收录 Long。
Lore,密传,系统,true,high,终审：逐项终审保留“密传”。独立核对当前资产语境、同族层级和中文可用性；证据摘要：《密教模拟器》中文 Wiki 的密传分类收录各准则知识卡，印证 Lore 的前作类别译名“密传”。
Louche,轻佻,性相,true,high,终审：这是装束的社交观感，说明指仅适合床笫等极放松场合；“轻佻装束”比把衣服称作“放荡”自然。
Luxury,奢侈品,性相,true,high,终审：逐项终审保留“奢侈品”。独立核对当前资产语境、同族层级和中文可用性；证据摘要：试玩版专属说明列举雪茄、咖啡与好肥皂，并强调它们在 1948 年欧洲属于稀缺品。
Légion,军团,组织,true,high,终审：Légion du Seuil 的词形变体
Légion du Seuil,门槛军团,组织,true,high,终审：逐项终审保留“门槛军团”。独立核对当前资产语境、同族层级和中文可用性；证据摘要：法语 seuil 是门槛/阈限；该组织的经历与秘史世界的 Threshold 意象直接相连，Légion 单用时是简称。
Madrugad,昕旦,司辰,true,high,终审：逐项终审保留“昕旦”。独立核对当前资产语境、同族层级和中文可用性；证据摘要：司辰词条定名 Madrugad“昕旦”。
Man of Mystery,神秘人,装束名,true,high,开放终审：定名“神秘人”，简短如戏剧角色称号，也适合服装订单。
Mandate,号令,性相,true,high,终审：逐项终审保留“号令”。独立核对当前资产语境、同族层级和中文可用性；证据摘要：试玩版专属说明把 Mandate 定义为凭旧日太阳传下的权威号令灵体，是一种主动秘术功用。
Mansion of Heaven,天国府邸,设定存在,true,high,开放终审：定名“天国府邸”，压缩成可反复指称的专名，同时保留 mansion 的宏大居所义。
Mansus,漫宿,地点,true,high,终审：逐项终审保留“漫宿”。独立核对当前资产语境、同族层级和中文可用性；证据摘要：前作地点词条定名“漫宿”。
Marches,边境,地点,true,high,终审：逐项终审保留“边境”。独立核对当前资产语境、同族层级和中文可用性；证据摘要：《司辰之书》官中语料以“边境”处理 Marches；本作说明它位于醒时世界边缘，并可能与 Bounds 重合。
Mark of Necessity,必然之印,秘术物品,true,high,开放终审：译“必然之印”，与机制 Necessity“必然”同词根，Mark 作为成品名译“印”。
Martial,军旅,性相,true,high,终审：逐项终审保留“军旅”。独立核对当前资产语境、同族层级和中文可用性；证据摘要：试玩版装束说明指向军服或强烈暗示军方关系的衣着，并说明军人与退伍军人会赞许。
mascs,巫师,异文称谓,true,high,终审：逐项终审保留“巫师”。独立核对当前资产语境、同族层级和中文可用性；证据摘要：奥克语 masc 指 magicien/sorcier/enchanteur，词源关联 magus；mascs 是本作采用的复数拼写。
Mater Solvens,解缚之母,称谓,true,medium,终审：逐项终审保留“解缚之母”。独立核对当前资产语境、同族层级和中文可用性；证据摘要：试玩版称尸身交付烈火或大地时，人们会以拉丁称号 Mater Solvens 祈请辉耀女士。
Memories,记忆,机制,true,high,终审：Memory 的词形变体
Memory,记忆,机制,true,high,终审：逐项终审保留“记忆”。独立核对当前资产语境、同族层级和中文可用性；证据摘要：Wiki 分类列出大量“回忆：X”卡牌，并将 Memory 作为既有资源类别；本作沿用“记忆”作为可结晶、可制作的总称。
Meninger,梅宁格,专名,true,high,终审：Menninger Foundation 的词形变体
Meninger Foundation,梅宁格基金会,机构,true,high,终审：Menninger Foundation 的词形变体
Meniscate,弧月,司辰,true,high,终审：逐项终审保留“弧月”。独立核对当前资产语境、同族层级和中文可用性；证据摘要：Wiki 独立词条定名 Meniscate“弧月”。
Menninger,梅宁格,专名,true,high,终审：Menninger Foundation 的词形变体
Menninger Foundation,梅宁格基金会,机构,true,high,终审：逐项终审保留“梅宁格基金会”。独立核对当前资产语境、同族层级和中文可用性；证据摘要：堪萨斯州历史学会资料记载托皮卡的 Menninger Foundation 及其精神医学、培训和研究史；Demo 的单 n Meninger 是拼写异体。
Metaphraste's Malady,梅塔弗拉斯特之疾,征象,true,high,终审：逐项终审保留“梅塔弗拉斯特之疾”。独立核对当前资产语境、同族层级和中文可用性；证据摘要：试玩版专属说明称这颗心渴望上升，有时甚至像要抛下主人；官方日志确认 Metaphraste 是颓废医生原型。
Mezzetin's Misery,梅泽坦之苦,征象,true,high,终审：逐项终审保留“梅泽坦之苦”。独立核对当前资产语境、同族层级和中文可用性；证据摘要：试玩版专属说明称这颗心对意外方向敏感得发痛，却仍在夜里保暖。
Midnight Mark,午夜之印,设定,true,medium,终审：逐项终审保留“午夜之印”。独立核对当前资产语境、同族层级和中文可用性；证据摘要：试玩版说明 Midnight Mark 可由夜游术、静默术或蠕虫学制作，并提供平息或凋萎功用，且只能使用一次。
Milice,民兵团,历史组织,true,high,开放终审：译“民兵团”，既保留组织性质，也区别普通泛称 militia。
Mimis,米米斯,人物昵称,true,medium,开放终审：音译“米米斯”，保留昵称而不擅自补全希腊姓名或亲属称谓。
Ministries,部委,势力,true,high,开放终审：the Ministries 的词形变体
Moderate,中等,检定难度,true,high,终审：逐项终审保留“中等”。独立核对当前资产语境、同族层级和中文可用性；证据摘要：试玩版专属说明称 Moderate 是需要一定技艺的标准挑战，处在低难度与显著挑战之间。
Modern,现代,性相,true,high,终审：逐项终审保留“现代”。独立核对当前资产语境、同族层级和中文可用性；证据摘要：试玩版装束说明把 Modern 具体解释为当代、时髦，而且很可能是美国式的。
Moon,月,准则,true,high,终审：逐项终审保留“月”。独立核对当前资产语境、同族层级和中文可用性；证据摘要：准则词条列出 Moon“月”。
Moon's House,月亮的居屋,设定地点,true,high,开放终审：沿用“月亮的居屋”，与 House of the Moon 同指一处漫宿倒影地点。
Moth,蛾,准则,true,high,终审：逐项终审保留“蛾”。独立核对当前资产语境、同族层级和中文可用性；证据摘要：准则词条列出 Moth“蛾”。
Moth Experiences,蛾之经历,经历,true,high,终审：逐项终审保留“蛾之经历”。独立核对当前资产语境、同族层级和中文可用性；证据摘要：试玩版以独立 ExperienceQuality 登记 Moth Experiences，并用于哀伤、奇想等关联蛾性相的成长。
Mother of Ants,蚁母,司辰,true,high,终审：逐项终审保留“蚁母”。独立核对当前资产语境、同族层级和中文可用性；证据摘要：Wiki 独立词条定名 Mother of Ants“蚁母”。
My Past,我的过往,界面标题,true,high,终审：逐项终审保留“我的过往”。独立核对当前资产语境、同族层级和中文可用性；证据摘要：My Past 反复作为第一人称回忆条目标题，而不是叙述句中的普通 past。
Mythic,神话级,检定难度,true,high,终审：逐项终审保留“神话级”。独立核对当前资产语境、同族层级和中文可用性；证据摘要：试玩版专属说明称 Mythic 在正常情况下超越凡人能力，位于正式阶梯顶端。
Naenian Quittance,挽歌解契,秘术物品,true,high,开放终审：译“挽歌解契”，既呈现 Naenia 的哀歌，也用“解契”表达解除义务。
Name,具名者,位阶,true,high,终审：逐项终审保留“具名者”。独立核对当前资产语境、同族层级和中文可用性；证据摘要：前作 Wiki 将司辰之下的 Name 定名为“具名者”。
Names,具名者,位阶,true,high,开放终审：Name 的词形变体
Necessity,必然,性相,true,high,终审：逐项终审保留“必然”。独立核对当前资产语境、同族层级和中文可用性；证据摘要：试玩版专属说明称 Necessity 是支撑世界的根本必然之信物，多利亚币或“必然之印”都可承载它。
Nectar,蜜,准则,true,high,终审：逐项终审保留“蜜”。独立核对当前资产语境、同族层级和中文可用性；证据摘要：准则词条列出 Nectar“蜜”。
Nest,巢,设定倾向,true,high,开放终审：译“巢”，保持单字本体意象；句中可组合为“巢之倾向／沸腾的巢”。
Night Art,夜之技艺,技艺,true,high,终审：Night Arts 的词形变体
Night Arts,夜之技艺,技艺,true,high,终审：逐项终审保留“夜之技艺”。独立核对当前资产语境、同族层级和中文可用性；证据摘要：系列 Wiki 以“夜之技艺”收录 Night Arts。
nightstalking,夜间潜行,夜间行动,true,high,开放终审：译“夜间潜行”，同时表达时间与隐秘移动，不把它误作狩猎专名。
Nina Lagasse,宁娜·拉格斯,人物,true,high,终审：逐项终审保留“宁娜·拉格斯”。独立核对当前资产语境、同族层级和中文可用性；证据摘要：《司辰之书》中文 Wiki 的独立人物词条标题为“宁娜·拉格斯”。
Nowhere,虚界,地点,true,high,终审：逐项终审保留“虚界”。独立核对当前资产语境、同族层级和中文可用性；证据摘要：前作 Wiki 以“虚界”收录 Nowhere。
Numa,闰时,时节,true,high,终审：逐项终审保留“闰时”。独立核对当前资产语境、同族层级和中文可用性；证据摘要：《司辰之书》中文资料以“闰时”收录 Numa，并明确它是最短、迷宫般的特殊时节。
Nyctodromy,夜游术,系统,true,high,终审：逐项终审保留“夜游术”。独立核对当前资产语境、同族层级和中文可用性；证据摘要：《司辰之书》中文 Wiki 的技艺词条定名“夜游术”。
Oath,誓言,设定异象,true,high,开放终审：译“誓言”，保持可被立下、履行又被寻回的抽象实体性。
Obliviates,忘却会,组织,true,high,终审：逐项终审保留“忘却会”。独立核对当前资产语境、同族层级和中文可用性；证据摘要：该中文 Wiki 书页明确使用“忘却会”，并与其前身利米亚教团连续记述。
Obscure,遮蔽,性相,true,high,终审：逐项终审保留“遮蔽”。独立核对当前资产语境、同族层级和中文可用性；证据摘要：试玩版专属说明以“遮盖、混淆、欺骗”界定 Obscure，是主动隐藏事实与目标的功用。
Observation,观察力,技艺,true,high,终审：逐项终审保留“观察力”。独立核对当前资产语境、同族层级和中文可用性；证据摘要：官方开发日志和试玩版专属说明都用同一句定义：能注意到别人没有注意的细节。
Oddment,零碎物件,性相,true,high,终审：逐项终审保留“零碎物件”。独立核对当前资产语境、同族层级和中文可用性；证据摘要：试玩版专属说明把 Oddment 描写成在抽屉里叮当作响、直到某天忽然派上用场的零星东西。
Office of Onteiric Coordination,本体梦理协调办公室,机构,true,medium,终审：逐项终审保留“本体梦理协调办公室”。独立核对当前资产语境、同族层级和中文可用性；证据摘要：开发者文章明确给出 Office of Onteiric Coordination；Demo 中另有省略 Office 的职能名。
onteiric,本体梦理,神学,true,medium,终审：Onteirology 的词形变体
Onteiric Coordination,本体梦理协调,机构,true,medium,终审：Office of Onteiric Coordination 的词形变体
onteiriologically,本体梦理,神学,true,medium,终审：Onteirology 的词形变体
onteiristically,本体梦理,神学,true,medium,终审：Onteirology 的词形变体
onteirological,本体梦理,神学,true,medium,终审：Onteirology 的词形变体
Onteirology,本体梦理学,神学,true,medium,终审：逐项终审保留“本体梦理学”。独立核对当前资产语境、同族层级和中文可用性；证据摘要：官方文章与 Demo 使用 Onteirology/onteiric 一组造词讨论美国秘密机关。词形可合理分析为 ontology（本体论）与 oneirology（梦理学）的混成；这一词源解释属于编辑推断，并非官方释义。
OOC,本体梦理协调办公室,机构,true,high,开放终审：Office of Onteiric Coordination 的词形变体
Orchard of Lights,光之果园,设定地点,true,high,开放终审：沿用“光之果园”，Lights 是园中发光果实与辉光的复数，不是灯具。
Ordination,领受圣职,神学行为,true,high,终审：逐项终审保留“领受圣职”。独立核对当前资产语境、同族层级和中文可用性；证据摘要：天主教法中 ordination 是领受圣秩/进入圣职的礼仪行为，不是机构名称。
Ordo Limiae,利米亚教团,组织,true,high,终审：逐项终审保留“利米亚教团”。独立核对当前资产语境、同族层级和中文可用性；证据摘要：该中文 Wiki 书页明确把 Ordo Limiae 译作“利米亚教团”，并记述其后来成为忘却会。
Ostiary,司阍,职衔,true,high,开放终审：译“司阍”，是中文现成的守门职称，也保留古老教会职分感。
outer oceans,外层诸海,设定地理,true,high,开放终审：译“外层诸海”，复数“诸海”保留多重海域，“外层”保留世界层级。
Outfit,装束,机制,true,high,开放终审：译“装束”，比“衣服”更能涵盖整套搭配与社交观感。
Outfits,装束,机制,true,high,开放终审：译“装束”，比“衣服”更能涵盖整套搭配与社交观感。
Pain,痛苦,麻烦,true,high,终审：逐项终审保留“痛苦”。独立核对当前资产语境、同族层级和中文可用性；证据摘要：官方开发日志把 Pain 与 Weariness 并列为本作 Troubles；试玩版数值又驱动刺痛、伤势、苦痛和死亡四阶段。
parish,堂区,教会辖区,false,high,终审：逐项终审保留“堂区”。独立核对当前资产语境、同族层级和中文可用性；证据摘要：教会法第 515 条定义 parish 为特定教会中稳定设立、由 pastor 牧养的信徒团体，隶属 diocesan bishop。
parish priest,本堂神父,教会职分,false,high,终审：逐项终审保留“本堂神父”。独立核对当前资产语境、同族层级和中文可用性；证据摘要：教会法第 519 条规定 pastor 是受托堂区的本有牧者。
Passion,心念,机制,true,high,终审：逐项终审保留“心念”。独立核对当前资产语境、同族层级和中文可用性；证据摘要：同作官方简中把角色驱动力 Passions 定名为“心念”；官方开发日志说明它可多选、可随选择演化。前作同形 Passion 是单张基础能力卡“激情”，并非本作这一机制。
Passion slot,心念栏位,UI机制,true,high,开放终审：译“心念栏位”，与 Passion“心念”同词根，并用栏位表达 UI 容量。
Passions,心念,机制,true,high,终审：Passion 的词形变体
Perishable,易腐,性相,true,high,终审：逐项终审保留“易腐”。独立核对当前资产语境、同族层级和中文可用性；证据摘要：试玩版规则说明列出三明治、舒芙蕾与插花，并明确所有 Perishable 物品都会在旅行时消失。
Perspiring,微微冒汗,状态,true,high,终审：逐项终审保留“微微冒汗”。独立核对当前资产语境、同族层级和中文可用性；证据摘要：试玩版专属说明借“绅士冒汗、女士发光、马才流汗”的俏皮话，强调只是稍热，换轻装仅有小幅收益。
petitioner,祈告者,称谓,true,medium,终审：逐项终审保留“祈告者”。独立核对当前资产语境、同族层级和中文可用性；证据摘要：试玩版中西农布尔持续以 petitioner 称呼前来求助、许诺并接受仪式条件的玩家，既有请求者身份，也带向超自然存在祈求的意味。
phost,明识,魂质,false,high,终审：逐项终审保留“明识”。独立核对当前资产语境、同族层级和中文可用性；证据摘要：魂质专题以“明识”收录 phost。
Physician,医师,职业,true,high,终审：逐项终审保留“医师”。独立核对当前资产语境、同族层级和中文可用性；证据摘要：《密教模拟器》职业页明确列出 Physician“医师”。
Pierrot's Pang,皮埃罗之痛,征象,true,high,终审：逐项终审保留“皮埃罗之痛”。独立核对当前资产语境、同族层级和中文可用性；证据摘要：试玩版专属说明称心有时停顿，有时又感到温柔开启时的一刺；Pierrot 是既定喜剧角色名。
Pilgrim,朝圣者,设定位阶,true,high,开放终审：译“朝圣者”，保留追随司辰而上升的宗教旅途义。
Pilgrims,朝圣者,设定位阶,true,high,开放终审：译“朝圣者”，保留追随司辰而上升的宗教旅途义。
Plague of Flowers,花疫,疫病,true,high,开放终审：主名译“叶疫”、别名译“花疫”，短促如疾病俗称，并保留 leaves/flowers 的阶段意象。
Plague of Leaves,叶疫,疫病,true,high,开放终审：主名译“叶疫”、别名译“花疫”，短促如疾病俗称，并保留 leaves/flowers 的阶段意象。
Polchinelle's Misfortune,波尔希内尔之祸,征象,true,high,终审：逐项终审保留“波尔希内尔之祸”。独立核对当前资产语境、同族层级和中文可用性；证据摘要：试玩版专属说明称这颗心阴郁而暴怒，却仍能在夜里保暖；Misfortune 是整组心疾题名的一环。
Possessed,着魔,心念状态标记,true,high,开放终审：译“着魔”，保留被心念占据的双关与角色不由自主感。
Possibilities,可能性,场所,true,high,终审：逐项终审保留“可能性”。独立核对当前资产语境、同族层级和中文可用性；证据摘要：试玩版把 Possibilities 放在场所界面，提示这些制作机会正等待玩家找到合适地点；它是待解锁机会的集合标题。
Practicality,实用物资,性相,true,high,终审：逐项终审保留“实用物资”。独立核对当前资产语境、同族层级和中文可用性；证据摘要：试玩版专属说明只列“材料、补给、五金”，证明 Practicality 是实用物件类别，不是人物的处世性格。
Preservation,保存术,技艺,true,high,终审：逐项终审保留“保存术”。独立核对当前资产语境、同族层级和中文可用性；证据摘要：《司辰之书》技艺词条定名 Preservation“保存术”。
Principle,准则,系统,true,high,终审：逐项终审保留“准则”。独立核对当前资产语境、同族层级和中文可用性；证据摘要：Wiki 明确将 Principle 定名为“准则”。
Principles,准则,系统,true,high,开放终审：Principle 的词形变体
Pursuit,追捕,状态,true,high,终审：逐项终审保留“追捕”。独立核对当前资产语境、同族层级和中文可用性；证据摘要：试玩版专属说明把 Pursuit 定在痕迹 7—9：追捕者正在逼近，进入受监控地点已有较高被捕概率。
Pyx Jar,圣体盒内罐,宗教器物,true,high,开放终审：译“圣体盒内罐”，明确它不是整只圣体盒，而是其中的罐。
Quell,平息,性相,true,high,终审：逐项终审保留“平息”。独立核对当前资产语境、同族层级和中文可用性；证据摘要：试玩版专属说明用“压制、噤声、熄灭”解释 Quell，适用对象横跨冲动、声音和火焰。
Quicken,活化,性相,true,high,终审：专属说明为赋生、振作、唤醒；游戏已有 Quicken Item“活化物品”，统一为“活化”比另造“催活”自然。
Quiet Place,静谧之地,场所,true,high,终审：逐项终审保留“静谧之地”。独立核对当前资产语境、同族层级和中文可用性；证据摘要：试玩版专属说明只有双关短句“安息，平静地”，把安静、休憩与死亡气息叠在一起。
Quittance,解契,秘术物品,true,high,开放终审：译“挽歌解契”，既呈现 Naenia 的哀歌，也用“解契”表达解除义务。
Raffish,不羁,性相,true,high,终审：逐项终审保留“不羁”。独立核对当前资产语境、同族层级和中文可用性；证据摘要：试玩版装束说明把 Raffish 概括为时髦、不循常规、招摇，并说它会激起鲜明的好恶反应。
Raveline,拉维林,专名,true,high,终审：逐项终审保留“拉维林”。独立核对当前资产语境、同族层级和中文可用性；证据摘要：前作 Wiki 以“拉维林家族”收录 Raveline 血脉。
Ravelines,拉维林一族,专名,true,high,终审：Raveline 的词形变体
Reason,理性,魂质概念,true,high,开放终审：译“理性”，采用哲学与心理学通名，并对应 daylight understanding。
Received Version,通行版,版本名,true,high,终审：逐项终审保留“通行版”。独立核对当前资产语境、同族层级和中文可用性；证据摘要：系列中文 Wiki 的骄阳页明确使用通行版《骄阳之书》。
Red Grail,赤杯,司辰,true,high,终审：逐项终审保留“赤杯”。独立核对当前资产语境、同族层级和中文可用性；证据摘要：司辰词条定名 Red Grail“赤杯”。
Refinement,精致,性相,true,high,终审：逐项终审保留“精致”。独立核对当前资产语境、同族层级和中文可用性；证据摘要：试玩版专属说明称 Refinement 是优雅或财富不可少的标志，着眼物件所表现的精工与品位。
Reinhardt,莱因哈特,人物,true,high,终审：逐项终审保留“莱因哈特”。独立核对当前资产语境、同族层级和中文可用性；证据摘要：游戏中的 Reinhardt 指爵士吉他手 Django Reinhardt，并提到占领时期在巴黎俱乐部演奏。
Remedy,疗法,性相,true,high,终审：逐项终审保留“疗法”。独立核对当前资产语境、同族层级和中文可用性；证据摘要：试玩版专属说明同时列出绷带、成药、消毒剂、民间疗法、巫术缠结和草药混合物。
remortal,返凡者,位阶,false,medium,终审：逐项终审保留“返凡者”。独立核对当前资产语境、同族层级和中文可用性；证据摘要：开发者将 mortals、semi-mortals、immortals、remortals 并列为不同存在状态；系列 Wiki 的漫宿历史页亦使用“返凡者”。
remortals,返凡者,位阶,false,medium,终审：remortal 的词形变体
Republic,共和国,政治概念,true,high,开放终审：译“共和国”，采用现代政治通名；具体国家名仍在句中补足。
Repurposed Names,转作他用的具名者,设定分类,true,high,开放终审：译“转作他用的具名者”，恢复 Names 的位阶义；完整标签补“清单”。
Respectable,体面,性相,true,high,终审：逐项终审保留“体面”。独立核对当前资产语境、同族层级和中文可用性；证据摘要：试玩版装束说明将 Respectable 解释为循规、保守、不惹眼，是安全选择，却会让离经叛道者反感。
retenebration,复晦,设定程序,false,medium,终审：原文明确称 formal process 而非 rite；保留 re- + tenebrae 的“复晦”构词，删除无据添加的“礼”。
Rose,引,准则,true,high,终审：逐项终审保留“引”。独立核对当前资产语境、同族层级和中文可用性；证据摘要：准则词条列出 Rose“引”。
Rose Experiences,引之经历,经历,true,high,终审：逐项终审保留“引之经历”。独立核对当前资产语境、同族层级和中文可用性；证据摘要：试玩版以独立 ExperienceQuality 登记 Rose Experiences，并用于奇想等关联引性相的成长。
Roulotte,鲁洛特,地点,true,high,终审：逐项终审保留“鲁洛特”。独立核对当前资产语境、同族层级和中文可用性；证据摘要：资料记载 La Roulotte 的老板邀请 Django 将该夜店作为固定演出场所；游戏也写占领时期这里获准营业至深夜。
Rumour,传闻,状态,true,high,终审：逐项终审保留“传闻”。独立核对当前资产语境、同族层级和中文可用性；证据摘要：试玩版专属说明把 Rumour 定在痕迹 1—3：人们大概正在谈论斯宾塞，但尚无数值惩罚。
Rung Ma,鬼林,地点,true,high,开放终审：译“鬼林”，恢复越南语可读义，并统一此前互相冲突的“隆马／龙马”。
Salt-Skein,盐绞,设定物,true,high,开放终审：定名“盐绞”，以“绞”保留成束纱线和缠缚动作，盐则对应海岸与盐白法衣。
Salve,抚慰,性相,true,high,终审：逐项终审保留“抚慰”。独立核对当前资产语境、同族层级和中文可用性；证据摘要：试玩版专属说明只用“安慰并保护”界定 Salve，和同组的驱逐、平息、凋萎一样是主动功用，并非物品名称。
Sanctioned Version,核准版,版本名,true,high,终审：逐项终审保留“核准版”。独立核对当前资产语境、同族层级和中文可用性；证据摘要：系列中文 Wiki 的骄阳页明确使用核准版《骄阳之书》。
Sanitarium Aujourd'hui,“今日”疗养院,地点,true,high,开放终审：译“‘今日’疗养院”，把法语词义显给玩家，同时用引号保留名称感。
Savagely Difficult,难如登天,检定难度,true,high,终审：逐项终审保留“难如登天”。独立核对当前资产语境、同族层级和中文可用性；证据摘要：试玩版专属说明称 Savagely Difficult 除非角色真正擅长，否则实在很难，语气有意比普通程度副词更凶狠。
Scale,鳞,准则,true,high,终审：逐项终审保留“鳞”。独立核对当前资产语境、同族层级和中文可用性；证据摘要：准则词条列出 Scale“鳞”。
Scapin's Sickness,斯卡潘之疾,征象,true,high,终审：逐项终审保留“斯卡潘之疾”。独立核对当前资产语境、同族层级和中文可用性；证据摘要：试玩版专属说明把心比作暴风中砰响的窗：不安定、不献身、不受拘束；Scapin 是即兴喜剧角色。
Scarred,伤痕累累,心念,true,high,终审：逐项终审保留“伤痕累累”。独立核对当前资产语境、同族层级和中文可用性；证据摘要：试玩版专属说明写“有什么从我体内被切走了”，并和 Hollow 一样标为可由任何心念填补的缺失。
scrine,灵龛,设定物,false,high,终审：词典义是古语 shrine/chest/reliquary，游戏中是灵体寄居的容器；“灵龛”是现成中文，“龛壳”属于无必要生造。
scrineway,龛道,设定物,false,high,终审：scrine 的词形变体
Season,时节,系统,true,high,终审：逐项终审保留“时节”。独立核对当前资产语境、同族层级和中文可用性；证据摘要：《司辰之书》中文资料反复以“时节”统称春夏秋冬与闰时；本作同一宇宙继续使用该时间类别。
Secret Histories,秘史,世界观,true,high,终审：逐项终审保留“秘史”。独立核对当前资产语境、同族层级和中文可用性；证据摘要：专题词条以“秘史世界”统摄 Secret Histories 设定。
Seira,序链,神学,true,high,终审：逐项终审保留“序链”。独立核对当前资产语境、同族层级和中文可用性；证据摘要：哈佛宗教研究资料解释希腊语 seira（复数 seirai）是普罗克洛斯体系中的 chain/sequence：一条从主宰的一者贯穿天体、动物、植物与石头的对应链。
seirai,诸序链,神学,true,high,终审：Seira 的词形变体
Serapeum,塞拉皮雍,地点,true,high,终审：Invisible Serapeum 的词形变体
Serena,瑟雷娜,人物,true,high,终审：Serena Blackwood 的词形变体
Serena Blackwood,瑟雷娜·布莱克伍德,人物,true,high,终审：逐项终审保留“瑟雷娜·布莱克伍德”。独立核对当前资产语境、同族层级和中文可用性；证据摘要：《司辰之书》资料使用“瑟雷娜·布莱克伍德”；本作 Sereno 保持同一姓氏与音译词根。
Sereno Blackwood,瑟雷诺·布莱克伍德,人物,true,high,终审：Serena Blackwood 的词形变体
Shadow,阴影,性相,true,high,终审：逐项终审保留“阴影”。独立核对当前资产语境、同族层级和中文可用性；证据摘要：试玩版专属说明把 Shadow 归纳为阴沉、凶险、可疑之物，包括夜之技艺作品与犯罪工具。
Shadowed Place,暗影之地,场所,true,high,终审：逐项终审保留“暗影之地”。独立核对当前资产语境、同族层级和中文可用性；证据摘要：试玩版专属说明引用守望者关于慈悲只在阴影中发现的话，并强调阴影在此绵长。
shapt,铭晓,魂质,false,high,终审：逐项终审保留“铭晓”。独立核对当前资产语境、同族层级和中文可用性；证据摘要：魂质专题以“铭晓”收录 shapt。
Sharp,锐利,性相,true,high,终审：逐项终审保留“锐利”。独立核对当前资产语境、同族层级和中文可用性；证据摘要：试玩版专属说明要求某些未拾技艺仪式以从未饮血的器具放血，并以燧石而非铁为例。
Shepherd Illuminate,沐光明的牧羊人,称号,true,high,终审：Shepherd-Illuminate 的词形变体
Shepherd-Illuminate,沐光明的牧羊人,称号,true,high,终审：逐项终审保留“沐光明的牧羊人”。独立核对当前资产语境、同族层级和中文可用性；证据摘要：系列中文 Wiki 的骄阳页明确使用“沐光明的牧羊人”。
Shivering,瑟瑟发抖,状态,true,high,终审：逐项终审保留“瑟瑟发抖”。独立核对当前资产语境、同族层级和中文可用性；证据摘要：试玩版专属说明写寒风穿透单薄衣物贴上皮肤，并明确要求更换保暖装束或进入室内。
Sign,征象,机制,true,high,终审：逐项终审保留“征象”。独立核对当前资产语境、同族层级和中文可用性；证据摘要：同作官方简中把可收集并用于成长的 Signs 定名为“征象”。
signaire,西涅尔,设定称谓,false,high,终审：逐项终审保留“西涅尔”。独立核对当前资产语境、同族层级和中文可用性；证据摘要：signaire 是现实法语词，读音 /si.ɲɛʁ/，由 signe 加后缀 -aire 构成；现代可指手语符号集，古义涉及旗帜。Demo 将其重新用作与征象、签记和小术相关的称谓。
Signs,征象,机制,true,high,终审：Sign 的词形变体
Silim,希利姆,设定称谓,true,medium,终审：逐项终审保留“希利姆”。独立核对当前资产语境、同族层级和中文可用性；证据摘要：试玩版专属说明称 Silim 既是拉格什语中的问候与告别，也是一个灵体的名字。
Silver Spintria,银制春宫币,物品,true,high,终审：spintria 的词形变体
Sinombre,西农布尔,人物,true,high,终审：逐项终审保留“西农布尔”。独立核对当前资产语境、同族层级和中文可用性；证据摘要：官方文章确认 Sinombre 是本作可招募人物；J. N. Sinombre 这个默认名亦见于《密教模拟器》资料。拼写显然呼应西班牙语 sin nombre“无名”，但官方未给中文名或读音。
Sister-and-Witch,双生巫女,司辰,true,high,终审：逐项终审保留“双生巫女”。独立核对当前资产语境、同族层级和中文可用性；证据摘要：Wiki 以“双生巫女”收录 Sister-and-Witch。
Sisterhood of the Triple Knot,三重绳结姐妹会,组织,true,high,终审：现行《司辰之书》官中在同一组织全称处使用“三重绳结姐妹会”，简称才是“绳结姐妹会”。
Skill,技艺,机制,true,high,终审：逐项终审保留“技艺”。独立核对当前资产语境、同族层级和中文可用性；证据摘要：Steam 官方简介使用“技能”，但本作又把 Skills 与继承前作的 Great Arts 并列；内部 UI 与叙述需要同一中文总机制名。
Skills,技艺,机制,true,high,终审：Skill 的词形变体
Skolekosophy,蠕虫学,技艺,true,high,终审：逐项终审保留“蠕虫学”。独立核对当前资产语境、同族层级和中文可用性；证据摘要：《司辰之书》技艺词条定名 Skolekosophy“蠕虫学”。
Sky,穹,准则,true,high,终审：逐项终审保留“穹”。独立核对当前资产语境、同族层级和中文可用性；证据摘要：准则词条列出 Sky“穹”。
Sleep,睡眠,机制,true,high,开放终审：机制名译“睡眠”，动词句中可按中文写“入睡”，链接标签保持名词。
Snug,暖适,状态,true,high,终审：逐项终审保留“暖适”。独立核对当前资产语境、同族层级和中文可用性；证据摘要：试玩版专属说明称天气虽恶劣，斯宾塞却被外套严实包裹，像安稳待在茧中。
Society of the Noble Endeavour,高贵之举社团,组织,true,high,开放终审：沿用官中组织名；Endeavour 在既定专名中取“之举”，Society 明写“社团”。
Sophistication,修养,技艺,true,high,终审：逐项终审保留“修养”。独立核对当前资产语境、同族层级和中文可用性；证据摘要：官方介绍以作家口吻调侃 Sophistication“总归有点用”；Steam 简中定名“修养”。
Sorrow,哀伤,心念,true,high,终审：逐项终审保留“哀伤”。独立核对当前资产语境、同族层级和中文可用性；证据摘要：Steam 官方简中将并列心念 Sorrow 写作“哀伤”；试玩版说明把承认悔恨、乃至保持沉默的选择归入 Sorrowful。
soul-complexus,灵魂复合体,设定构造,true,high,开放终审：译“灵魂复合体”，保留复合结构与近技术性秘术语气。
Sparkflake,火花薄片,秘术物品,true,high,开放终审：译“火花薄片”，逐项保留材料形态与发光意象。
spidermist,蛛雾,设定灾害,true,high,开放终审：译“蛛雾”，紧缩 spider+mist，并保留雾中有捕食性存在的含混。
spintria,春宫币,物品,false,high,终审：逐项终审保留“春宫币”。独立核对当前资产语境、同族层级和中文可用性；证据摘要：spintriae 是古罗马情色代币；试玩版的具体物品 Silver Spintria 明示银制，并用作传统秘术报酬。
Spivvery,钻营,技艺,true,high,终审：逐项终审保留“钻营”。独立核对当前资产语境、同族层级和中文可用性；证据摘要：官方介绍说明 Spivvery 是在寒冷世界里弄到热饭的本领；spiv 在英式英语中指黑市倒卖与投机者。Steam 简中定名“钻营”。
Spontaneity,随性,选择类别,true,high,开放终审：译“随性”，自然覆盖名词标签与‘真够随性的’派生句。
St Agnes,圣亚割妮,圣人,true,high,终审：逐项终审保留“圣亚割妮”。独立核对当前资产语境、同族层级和中文可用性；证据摘要：蚁母词条收录其凡人时期的圣名 St Agnes“圣亚割妮”。
St Guinefort,圣吉内福尔,圣人,true,high,终审：逐项终审保留“圣吉内福尔”。独立核对当前资产语境、同族层级和中文可用性；证据摘要：福坦莫大学中世纪史料库收录 13 世纪道明会士 Étienne de Bourbon 对里昂地区圣吉内福尔民间崇拜的记述，其对象是一只被尊为圣者的灵缇犬。
St Kalliste,圣卡利斯忒,虚构圣名,true,high,开放终审：音译“圣卡利斯忒”，保留词尾长元音的女性名形态，不把潜在“至美者”含义直接意译。
St Melancthe,圣梅兰瑟,圣人,true,high,终审：现行《司辰之书》官中《圣梅兰瑟》与相关文本稳定使用“梅兰瑟”。
St Reparata,圣雷帕拉塔,圣人,true,high,终审：逐项终审保留“圣雷帕拉塔”。独立核对当前资产语境、同族层级和中文可用性；证据摘要：尼斯主教座堂官方页面确认 Sainte-Réparate 是尼斯城及教区主保；法国文化遗产资料也记录昂蒂布旧主教座堂的圣雷帕拉塔祭坛传统。
St Robigo,圣罗比戈,虚构圣名,true,high,开放终审：译“圣罗比戈”，保留罗马神名音形，让异教神被封圣的错位感留给设定。
Stag Door,牡鹿之门,地点,true,high,终审：逐项终审保留“牡鹿之门”。独立核对当前资产语境、同族层级和中文可用性；证据摘要：门之专题收录 Stag Door“牡鹿之门”。
Stage Magician,魔术师,职业,true,high,终审：逐项终审保留“魔术师”。独立核对当前资产语境、同族层级和中文可用性；证据摘要：Steam 官方简中把 stage magician 对应为“魔术师”；试玩版将其作为独立可玩职涯。
Stagecraft,舞台技艺,技艺,true,high,终审：逐项终审保留“舞台技艺”。独立核对当前资产语境、同族层级和中文可用性；证据摘要：试玩版专属说明将 Stagecraft 定义为表演者的台风、手彩和魔术技巧，是魔术师的综合舞台能力。
Stanislav,斯坦尼斯拉夫,人物,true,medium,终审：逐项终审保留“斯坦尼斯拉夫”。独立核对当前资产语境、同族层级和中文可用性；证据摘要：试玩版给出全名 Father Stanislav John Schaller；他在大战中训练主角成为驱灵师，后来协助主角重返世界。
Stars,群星,设定集体,true,high,开放终审：译“群星”，保持复数集体与天象表层；普通 stars 仍按繁星处理。
State,邦国,势力,true,medium,"终审：逐项终审保留“邦国”。独立核对当前资产语境、同族层级和中文可用性；证据摘要：脚注明确把大写 State 解释为法国战时政权 l'État français（即维希法国）；Weather Factory 开发文章亦写作 French State, aka Vichy regime。普通 state 仍另按语境。"
Steel,钢铁,设定存在,true,high,开放终审：译“钢铁”，保留工业政治意象与不可数物质名的非人格压迫感。
Strathcoyne,斯特拉思科因,人物,true,high,终审：Fraser Strathcoyne 的词形变体
Strega,斯特雷加,称谓,true,medium,终审：逐项终审保留“斯特雷加”。独立核对当前资产语境、同族层级和中文可用性；证据摘要：意大利语 strega 的基本义是女巫；游戏又把它用作马戏团成员对神秘管理者的避讳称呼。
Succeed,成功,检定操作,true,high,开放终审：按钮译“成功”，与结果标签 Success 同根且简洁。
Success,成功,检定结果,true,high,终审：逐项终审保留“成功”。独立核对当前资产语境、同族层级和中文可用性；证据摘要：试玩版把 Success 与 Failure 并列为技艺检定结果，并在行内结果条和反馈音效中反复使用。
Summer Frivolity,夏日轻佻,装束名,true,high,开放终审：定名“夏日轻佻”，保留季节、轻快与稍逾礼法的 frivolity 语气。
Sun,太阳,司辰,true,high,开放终审：Sun-in-Splendour 的链接/词形变体
Sun-in-Rags,残阳,司辰,true,high,终审：逐项终审保留“残阳”。独立核对当前资产语境、同族层级和中文可用性；证据摘要：Wiki 独立词条定名 Sun-in-Rags“残阳”。
Sun-in-Splendour,骄阳,司辰,true,high,终审：逐项终审保留“骄阳”。独立核对当前资产语境、同族层级和中文可用性；证据摘要：Wiki 独立词条定名 Sun-in-Splendour“骄阳”。
Suppression Bureau,防剿局,机构,true,high,终审：逐项终审保留“防剿局”。独立核对当前资产语境、同族层级和中文可用性；证据摘要：前作中文 Wiki 以“防剿局”收录该机构。
Surveillance,监视,状态,true,high,终审：逐项终审保留“监视”。独立核对当前资产语境、同族层级和中文可用性；证据摘要：试玩版专属说明把 Surveillance 定在痕迹 4—6：对方大概已经在监控斯宾塞，但被捕风险要到更高阶段才出现。
Surveillante,督导,女性职衔,true,high,开放终审：译“督导”，兼顾监管与护理机构职务，不在中文中强标性别。
Sweet Bones,甜美的骨头,地点,true,high,开放终审：沿用前作地点名，保留 sweet 与 bones 并置的古怪酒馆感。
Temenos,圣域,地点,true,medium,终审：逐项终审保留“圣域”。独立核对当前资产语境、同族层级和中文可用性；证据摘要：古典语境的 temenos 是划定并遵守洁净规则的神圣土地；游戏用它称轰雷之皮、残阳和制花人的专属领域。
Tesserate,方格化,秘术物品,true,high,开放终审：译“方格之眼”，让几何镶嵌形态成为可见专名，同时保留 Eye“眼”的权威象征。
Tesserate Eye,方格之眼,秘术物品,true,high,开放终审：译“方格之眼”，让几何镶嵌形态成为可见专名，同时保留 Eye“眼”的权威象征。
The Barber's Tower,理发师之塔,地点,true,high,开放终审：译“理发师之塔”，保留人物称号与建筑物从属关系。
The Chandler,制烛人,司辰称号,true,high,终审：逐项终审保留“制烛人”。独立核对当前资产语境、同族层级和中文可用性；证据摘要：系列 Wiki 以“制烛人”收录 The Chandler。
The Chandler's Tale,《制烛人的传说》,作品名,true,high,开放终审：沿用前作同名文献；本作署名是引用同一宇宙题名，不能因 Tale 可直译 story 就另造异名。
The Dappled Rose,斑驳玫瑰,结局专名,true,high,开放终审：沿用“斑驳玫瑰”，Rose 在此是专名意象而非准则“引”的普通替换。
The Hours,司辰,位阶,true,high,开放终审：Hour 的链接/词形变体
the Ministries,部委,势力,true,high,终审：逐项终审保留“部委”。独立核对当前资产语境、同族层级和中文可用性；证据摘要：开发者将 eastern Ministries 与 western Incorporates 对举；Steam 简中阵营名为“部委”。
The Pilgrim Rose,《朝圣者玫瑰》,作品,true,high,终审：逐项终审保留“《朝圣者玫瑰》”。独立核对当前资产语境、同族层级和中文可用性；证据摘要：Demo 把 The Pilgrim Rose 用作书名/作品名，核心意象为朝圣者与玫瑰，而非地名。
The Roost,栖木,地点,true,high,终审：逐项终审保留“栖木”。独立核对当前资产语境、同族层级和中文可用性；证据摘要：《司辰之书》中文资料把 Aviform Hours 相关的 The Roost 定名为“栖木”；本作又提到偷听鸟形司辰的 Roost。
THE SHEAF,《禾捆》,报刊名,true,high,开放终审：定名《禾捆》，采用书报名号并保留农作物集束意象。
The Sheaf,《禾捆》,报刊名,true,high,开放终审：定名《禾捆》，采用书报名号并保留农作物集束意象。
The Stars,群星,设定集体,true,high,开放终审：Stars 的链接/词形变体
The Watchman,守夜人,司辰,true,high,终审：逐项终审保留“守夜人”。独立核对当前资产语境、同族层级和中文可用性；证据摘要：司辰词条定名 The Watchman“守夜人”。
Threats,威胁,机制,true,medium,终审：逐项终审保留“威胁”。独立核对当前资产语境、同族层级和中文可用性；证据摘要：试玩版专属说明称 Threats 栏展示哪些心智、灵魂、身体或世俗权力风险可能终结游戏，以及风险有多高。
Three-Valved Door,三膜之门,设定门扉,true,high,开放终审：沿用官中“三膜之门”；valve 在此取隔膜/瓣膜义，而非花瓣。
Threshold,门槛,场所,true,high,终审：逐项终审保留“门槛”。独立核对当前资产语境、同族层级和中文可用性；证据摘要：试玩版专属说明称 Threshold 是诸种随侍力量的中立地带；多项伟大之术也明确可在此使用。
Thunderskin,轰雷之皮,司辰,true,high,终审：逐项终审保留“轰雷之皮”。独立核对当前资产语境、同族层级和中文可用性；证据摘要：司辰词条定名 Thunderskin“轰雷之皮”。
Tide,浪潮,司辰,true,high,终审：逐项终审保留“浪潮”。独立核对当前资产语境、同族层级和中文可用性；证据摘要：司辰词条定名 Tide“浪潮”。
Top Up,补足,机制,true,medium,终审：逐项终审保留“补足”。独立核对当前资产语境、同族层级和中文可用性；证据摘要：试玩版专属说明称检定失败后，可从性相池分配匹配点数，把差额补够后强制成功。
Torgue,图格,人物,true,high,开放终审：沿用“图格”，军衔组合为“图格上尉”。
trabai,特拉拜,设定称谓,false,high,终审：逐项终审保留“特拉拜”。独立核对当前资产语境、同族层级和中文可用性；证据摘要：奥克语资料把标准形 trabalh（工作）与利穆赞方言形 trabai 对列；Demo 对话中也明确以 work 释义，并把它作为一桩待办的活儿或差事。
Trace,痕迹,麻烦,true,high,终审：逐项终审保留“痕迹”。独立核对当前资产语境、同族层级和中文可用性；证据摘要：《流亡者》Wiki 机制页以“痕迹”记录追兵定位资源；本作官方开发日志也明确说明 Traces 来自 EXILE。
Traces,痕迹,麻烦,true,high,终审：Trace 的词形变体
Travel,旅行,机制,true,high,开放终审：Travelling 的链接/词形变体
Travelling,旅行,机制,true,high,开放终审：译“旅行”，名词和进行时界面均自然；作品名 Travelling at Night 仍另按《夜游漫记》处理。
Travelling at Night,《夜游漫记》,作品名,true,high,终审：逐项终审保留“《夜游漫记》”。独立核对当前资产语境、同族层级和中文可用性；证据摘要：《司辰之书》中文 Wiki 已以该书名收录同名文献。
Trenchcoat Brigade,风衣旅团,戏称群体,true,high,开放终审：译“风衣旅团”，保留 trenchcoat 的醒目服饰与 Brigade 的半军事夸张。
Trespass,擅闯,性相,true,high,终审：逐项终审保留“擅闯”。独立核对当前资产语境、同族层级和中文可用性；证据摘要：试玩版专属说明以“跨过禁界、违反碍事的禁令”解释 Trespass，强调主动越过不许进入之处。
Trinket,小饰物,性相,true,high,终审：逐项终审保留“小饰物”。独立核对当前资产语境、同族层级和中文可用性；证据摘要：试玩版专属说明列出珠宝、计时器和半宝石小玩意，强调体积小而有一定价值。
Trivial,微不足道,检定难度,true,high,终审：逐项终审保留“微不足道”。独立核对当前资产语境、同族层级和中文可用性；证据摘要：试玩版专属说明称 Trivial 对任何人都几乎会自动成功，位于正式难度阶梯最低端。
Trouble,麻烦,机制,true,medium,终审：逐项终审保留“麻烦”。独立核对当前资产语境、同族层级和中文可用性；证据摘要：Demo 将 Trouble 作为可累积、可处理的负面机制状态，语气有意轻描淡写。
Troubles,麻烦,机制,true,medium,终审：Trouble 的词形变体
Trygikon,三角灵,物品,false,high,终审：逐项终审保留“三角灵”。独立核对当前资产语境、同族层级和中文可用性；证据摘要：中文 Wiki 收录官方通讯标题《三角灵和诳语缠结》，其中 Trygikon 已译“三角灵”；Demo 语境也把它当作可用于平息异象的器物/存在。
Twilit Votum,暮光愿契,秘术物品,true,high,开放终审：译“暮光愿契”，以“愿”保留誓愿、祈愿，以“契”对应 covenant 的约束。
Twin-visions,双生异象,设定现象,true,high,开放终审：译“双生异象”，保留 twin 的成对/孪生与 visions 的神视含义。
Twinges,刺痛,状态,true,high,终审：逐项终审保留“刺痛”。独立核对当前资产语境、同族层级和中文可用性；证据摘要：试玩版专属说明把 Twinges 定在痛苦值 1—3，只是会分散注意的间歇性不适，尚无惩罚。
Ubu,乌布,设定,true,medium,终审：逐项终审保留“乌布”。独立核对当前资产语境、同族层级和中文可用性；证据摘要：博物馆资料确认毕加索将猫头鹰命名为 Ubu，并让它成为绘画、版画与雕塑的模特；游戏再把它与战争、和平、智慧及鸟形司辰猜想相连。
Uncounted,失数者,位阶,true,high,终审：逐项终审保留“失数者”。独立核对当前资产语境、同族层级和中文可用性；证据摘要：试玩版称诸战后许多司辰已经 gone、Uncounted；其庇护者失去力量，长生者因而成为返凡者。
Underplace,下层,地点,true,medium,终审：逐项终审保留“下层”。独立核对当前资产语境、同族层级和中文可用性；证据摘要：秘史世界词条注明边境又称 Underplace“下层”。
Unease,不安,状态,true,high,终审：逐项终审保留“不安”。独立核对当前资产语境、同族层级和中文可用性；证据摘要：试玩版专属说明把 Unease 定在恐惧值 1—3，内心只是担心事情可能不会有好结果。
Unfair,不公平,检定难度,true,high,终审：逐项终审保留“不公平”。独立核对当前资产语境、同族层级和中文可用性；证据摘要：试玩版专属说明称 Unfair 已超出正常人类能力，难度名称本身是在评论检定设计的不讲理。
Unveil,揭示,性相,true,high,终审：逐项终审保留“揭示”。独立核对当前资产语境、同族层级和中文可用性；证据摘要：试玩版专属说明以“辨明真相、揭露本质”解释 Unveil；补丁说明还举出此类物品能发现隐藏门。
Unworldly,异世,技艺类别形容词,true,high,开放终审：译“异世”，可自然组合“异世技艺”，也保留不属于日常世界之义。
Uzult,珀金,物品,true,high,终审：逐项终审保留“珀金”。独立核对当前资产语境、同族层级和中文可用性；证据摘要：《司辰之书》中文 Wiki 的终刻墨页将 Uzult 定名为“珀金”。
uzult,珀金,物品,true,high,终审：Uzult 的词形变体
Vagabond,浪游旅人,司辰,true,high,终审：逐项终审保留“浪游旅人”。独立核对当前资产语境、同族层级和中文可用性；证据摘要：Wiki 独立词条定名 Vagabond“浪游旅人”。
Velvet,丝毧,司辰,true,high,终审：逐项终审保留“丝毧”。独立核对当前资产语境、同族层级和中文可用性；证据摘要：Wiki 独立词条标题为“丝毧”。
Venue,场所,场所,true,high,终审：逐项终审保留“场所”。独立核对当前资产语境、同族层级和中文可用性；证据摘要：试玩版以 Venue 统称制作所需的物理地点；配方会要求炉边、圣地、门槛等具体类别。
Venues,场所,场所,true,high,终审：Venue 的词形变体
Verdant Place,葱郁之地,场所,true,high,终审：逐项终审保留“葱郁之地”。独立核对当前资产语境、同族层级和中文可用性；证据摘要：试玩版专属说明称一切生长之物都扎根于林地，并说在那里无光也能看见颜色。
Very Difficult,非常困难,检定难度,true,high,终审：逐项终审保留“非常困难”。独立核对当前资产语境、同族层级和中文可用性；证据摘要：试玩版专属说明称 Very Difficult 对未经训练者几乎不可能成功，概率约为百分之一。
Very Easy,非常简单,检定难度,true,high,终审：逐项终审保留“非常简单”。独立核对当前资产语境、同族层级和中文可用性；证据摘要：试玩版专属说明称 Very Easy 是挑战极少的简单检定，位置高于近乎自动成功的 Trivial。
viaticum,临终圣体,礼仪,false,high,终审：逐项终审保留“临终圣体”。独立核对当前资产语境、同族层级和中文可用性；证据摘要：《天主教教理》说明 viaticum 是将离世者在生命终末领受的 Eucharist。
Votum,愿契,秘术物品,true,high,开放终审：译“暮光愿契”，以“愿”保留誓愿、祈愿，以“契”对应 covenant 的约束。
Wake,醒时,地点,true,high,终审：逐项终审保留“醒时”。独立核对当前资产语境、同族层级和中文可用性；证据摘要：秘史世界词条将 Wake 与漫宿相对，译作“醒时”。
Waking Word,唤醒之语,设定术语,true,high,开放终审：沿用“唤醒之语”，保留 Word 的话语/秘言属性以及 Waking 的施动义。
War in the Sun,太阳之战,事件,true,high,终审：逐项终审保留“太阳之战”。独立核对当前资产语境、同族层级和中文可用性；证据摘要：Steam 官方简中把 changed forever by the War in the World and the War in the Sun 对译为“被世界之战与太阳之战彻底改变”。
War in the World,世界之战,事件,true,high,终审：逐项终审保留“世界之战”。独立核对当前资产语境、同族层级和中文可用性；证据摘要：Steam 官方简中把 Europe changed forever by the War in the World 对译为“被世界之战彻底改变的欧洲”。
Warm,保暖,性相,true,high,终审：逐项终审保留“保暖”。独立核对当前资产语境、同族层级和中文可用性；证据摘要：试玩版装束说明称 Warm 适合寒冷气候，但笨重、炎热时不适，且在社交上中性。
Wars,诸战,事件,true,high,终审：逐项终审保留“诸战”。独立核对当前资产语境、同族层级和中文可用性；证据摘要：Demo 大写复数 Wars 指一组改变世界秩序的战争时期，并构成 pre-Wars/post-Wars；不是某一次普通战争。
Watchman,守夜人,司辰,true,high,开放终审：The Watchman 的词形变体
Watchman's Tree,守夜人之树,设定盟约,true,high,开放终审：沿用“守夜人之树”，保留司辰称号和树状盟约的双层意义。
Weariness,疲惫,麻烦,true,high,终审：逐项终审保留“疲惫”。独立核对当前资产语境、同族层级和中文可用性；证据摘要：官方开发日志将 Weariness 列为本作新增麻烦；试玩版数值依次触发倦怠、困倦、精疲力竭和疲惫倒下。
Weariness Collapse,累倒,状态,true,high,终审：状态说明就是因疲惫过高而倒下；“累倒”自然、短促，“疲惫倒下”是为满足机械词根检查而写出的生硬标签。
Well-Groomed,仪容整洁,状态,true,high,终审：逐项终审保留“仪容整洁”。独立核对当前资产语境、同族层级和中文可用性；证据摘要：试玩版专属说明界定为刮净胡须、打理周正而优雅，并说明对镜修整可提供当日小幅优雅加成。
Welland,韦兰,人物,true,high,开放终审：沿用姓氏“韦兰”，撤销无依据多出的词尾“德”。
Wheel,转轮,司辰,true,high,终审：逐项终审保留“转轮”。独立核对当前资产语境、同族层级和中文可用性；证据摘要：司辰词条定名 Wheel“转轮”。
Whimsy,奇想,心念,true,high,终审：逐项终审保留“奇想”。独立核对当前资产语境、同族层级和中文可用性；证据摘要：试玩版专属说明以“是，我做了，那又怎样？”定调，并说明 Whimsical 选择通常并不具有建设性。
White Door,纯白之门,地点,true,high,终审：逐项终审保留“纯白之门”。独立核对当前资产语境、同族层级和中文可用性；证据摘要：门之专题收录 White Door“纯白之门”。
Winter,冬,准则,true,high,终审：逐项终审保留“冬”。独立核对当前资产语境、同族层级和中文可用性；证据摘要：准则词条列出 Winter“冬”。
Winter Experiences,冬之经历,经历,true,high,终审：逐项终审保留“冬之经历”。独立核对当前资产语境、同族层级和中文可用性；证据摘要：试玩版以独立 ExperienceQuality 登记 Winter Experiences，并用于哀伤、犬儒等关联冬性相的成长。
Witch-and-Sister,双生女巫,司辰,true,high,终审：逐项终审保留“双生女巫”。独立核对当前资产语境、同族层级和中文可用性；证据摘要：Wiki 以“双生女巫”收录 Witch-and-Sister。
Wither,凋萎,性相,true,high,终审：逐项终审保留“凋萎”。独立核对当前资产语境、同族层级和中文可用性；证据摘要：试玩版专属说明用“使枯败、暗中削弱、折磨”解释 Wither，并说它可藏入住处、衣物或饮食中起效。
Wolf Divided,裂分之狼,司辰,true,high,终审：逐项终审保留“裂分之狼”。独立核对当前资产语境、同族层级和中文可用性；证据摘要：Wiki 独立词条定名 Wolf Divided“裂分之狼”。
Wood,林地,地点,true,high,终审：逐项终审保留“林地”。独立核对当前资产语境、同族层级和中文可用性；证据摘要：前作 Wiki 以“林地”收录 Wood。
Worldly Skill,世俗技艺,机制,true,high,终审：逐项终审保留“世俗技艺”。独立核对当前资产语境、同族层级和中文可用性；证据摘要：本作把角色能力分为可见的世俗 Skill 与九大秘教 Great Arts；Steam 简介展示多项普通能力。
Worm,蠕虫,设定实体,true,high,开放终审：沿用“蠕虫”，单复数由中文上下文表达，不另造集合名。
Worms,蠕虫,设定实体,true,high,开放终审：沿用“蠕虫”，单复数由中文上下文表达，不另造集合名。
Wounded Place,受创之地,场所,true,high,终审：逐项终审保留“受创之地”。独立核对当前资产语境、同族层级和中文可用性；证据摘要：试玩版专属说明引用“并非所有门都是伤口，但每一道伤口都是门”，称此处可调用别处禁用的力量。
Writer,作家,职业,true,high,终审：逐项终审保留“作家”。独立核对当前资产语境、同族层级和中文可用性；证据摘要：试玩版把 Writer 列为可玩职涯；官方中文简介还以“码字的人”作宣传语中的自嘲转述。
Ys,伊斯,地点,true,high,终审：逐项终审保留“伊斯”。独立核对当前资产语境、同族层级和中文可用性；证据摘要：Larousse 将 Ys 记为位于杜阿尔讷内湾的布列塔尼传说城市，并称其沉入海中；游戏把它进一步写成尾巴罕见、能产特殊合金的异质文明。
Zachary,扎迦利,人物,true,high,终审：逐项终审保留“扎迦利”。独立核对当前资产语境、同族层级和中文可用性；证据摘要：前作中文资料将 Zachary Wakefield 定名为“扎迦利·韦克菲尔德”；本作脚注说话的是同一人物。
Zouche,祖什,专名,true,medium,开放终审：音译“祖什”，保留短促专名形态，等待后续剧情提供身份而不先行猜测。
